"PD_choice","year_birth_1","educ","gender","race","inc_family","religion","pol_1","theme_check","retribution_check","community_check","pd_check","Random.ID","treatment"
"Choice B","1991","College Degree","Male","White","$25,000-$50,000","Catholic","0","Yes","Neither agree nor disagree","Strongly agree","Yes","303556","C"
"Choice A","1978","College Degree","Male","White","Greater than $75,000","Protestan","6","Yes","Somewhat disagree","Somewhat agree","Yes","989563","N"
"Choice B","1994","Some college","Male","White","$0-$25,000","None","0","Yes","Neither agree nor disagree","Strongly agree","Yes","324346","C"
"Choice B","1993","College Degree","Female","White","$25,000-$50,000","None","0","Yes","Neither agree nor disagree","Strongly agree","Yes","633366","R"
"Choice B","1973","High school","Male","White","$0-$25,000","None","2","Yes","Somewhat agree","Somewhat agree","Yes","814965","C"
"Choice B","1986","High school","Male","White","$25,000-$50,000","None","4","Yes","Somewhat agree","Somewhat agree","Yes","618788","N"
"Choice A","1971","Some college","Male","White","$25,000-$50,000","None","5","Yes","Neither agree nor disagree","Somewhat agree","Yes","244435","C"
"Choice A","1983","College Degree","Male","White","Greater than $75,000","None","5","Yes","Somewhat agree","Strongly agree","No","668218","C"
"Choice A","1990","Some college","Male","White","$25,000-$50,000","None","2","No","Neither agree nor disagree","Somewhat agree","No","805758","C"
"Choice B","1988","College Degree","Female","White","$25,000-$50,000","None","0","Yes","Somewhat disagree","Somewhat disagree","I do not know","572117","C"
"Choice B","1985","College Degree","Male","White","$25,000-$50,000","None","1","Yes","Neither agree nor disagree","Somewhat agree","No","664067","R"
"Choice B","1991","College Degree","Male","White","$50,000-$75,000","None","3","Yes","Somewhat agree","Somewhat agree","I do not know","158982","R"
"Choice B","1980","College Degree","Male","White","$50,000-$75,000","None","6","Yes","Somewhat agree","Neither agree nor disagree","No","600695","C"
"Choice A","1984","College Degree","Female","White","$0-$25,000","None","0","Yes","Somewhat disagree","Somewhat agree","Yes","295862","R"
"Choice B","1990","Graduate or Professional Degree","Female","White","Greater than $75,000","None","1","Yes","Somewhat agree","Somewhat agree","No","498068","R"
"Choice B","1969","College Degree","Male","White","Greater than $75,000","Protestan","5","Yes","Somewhat disagree","Neither agree nor disagree","Yes","119764","R"
"Choice A","1978","Graduate or Professional Degree","Female","White","Greater than $75,000","Other","0","Yes","Neither agree nor disagree","Somewhat agree","No","849659","C"
"Choice A","1993","High school","Female","White","Greater than $75,000","None","0","Yes","Somewhat agree","Strongly agree","Yes","754130","N"
"Choice B","1992","College Degree","Male","White","$25,000-$50,000","Other","6","Yes","Somewhat disagree","Strongly agree","No","655858","N"
"Choice B","1989","Graduate or Professional Degree","Male","White","Greater than $75,000","None","2","Yes","Somewhat disagree","Somewhat agree","Yes","195033","C"
"Choice A","1991","College Degree","Male","Black or African American","$25,000-$50,000","None","1","Yes","Neither agree nor disagree","Somewhat agree","Yes","200704","R"
"Choice A","1988","Some college","Male","White","$25,000-$50,000","Catholic","9","Yes","Neither agree nor disagree","Strongly agree","Yes","347975","R"
"Choice A","1992","College Degree","Male","White","$50,000-$75,000","None","3","Yes","Somewhat agree","Strongly agree","No","360134","N"
"Choice A","1989","Some college","Male","White","$0-$25,000","None","4","Yes","Strongly agree","Strongly agree","I do not know","526946","N"
"Choice A","1964","College Degree","Male","White","Greater than $75,000","None","3","Yes","Somewhat disagree","Somewhat agree","No","585589","C"
"Choice B","1981","Graduate or Professional Degree","Female","White","Greater than $75,000","Catholic","6","No","Somewhat agree","Strongly agree","Yes","364090","R"
"Choice B","1979","Graduate or Professional Degree","Male","White","$50,000-$75,000","None","1","Yes","Neither agree nor disagree","Somewhat agree","No","899452","N"
"Choice B","1992","Some college","Male","White","$0-$25,000","Other","0","Yes","Somewhat disagree","Neither agree nor disagree","No","962376","R"
"Choice B","1989","Some college","Male","White","$25,000-$50,000","None","4","Yes","Somewhat agree","Somewhat agree","Yes","731718","R"
"Choice B","1990","Graduate or Professional Degree","Male","Asian","$50,000-$75,000","None","3","Yes","Somewhat disagree","Somewhat agree","No","242059","N"
"Choice A","1988","Some college","Male","White","$25,000-$50,000","Protestan","7","Yes","Somewhat agree","Strongly agree","Yes","887326","N"
"Choice A","1983","High school","Male","White","Greater than $75,000","None","4","Yes","Neither agree nor disagree","Neither agree nor disagree","No","698361","N"
"Choice B","1986","College Degree","Male","White","Greater than $75,000","None","0","Yes","Somewhat agree","Strongly agree","Yes","645002","N"
"Choice A","1977","Graduate or Professional Degree","Male","White","$25,000-$50,000","Other","1","Yes","Somewhat agree","Somewhat agree","No","518477","N"
"Choice A","1984","Some college","Female","White","Greater than $75,000","None","1","Yes","Strongly agree","Strongly agree","No","924875","N"
"Choice B","1978","College Degree","Male","White","$25,000-$50,000","None","6","Yes","Somewhat agree","Somewhat disagree","Yes","743777","N"
"Choice A","1981","Some college","Female","White","$50,000-$75,000","None","4","Yes","Somewhat agree","Somewhat disagree","No","901965","C"
"Choice A","1965","Some college","Female","White","$0-$25,000","Other","7","Yes","Somewhat agree","Somewhat agree","I do not know","866803","C"
"Choice B","1984","Graduate or Professional Degree","Male","White","$25,000-$50,000","Catholic","3","Yes","Neither agree nor disagree","Somewhat agree","Yes","492547","N"
"Choice A","1990","High school","Female","White","$50,000-$75,000","None","5","Yes","Somewhat disagree","Somewhat disagree","Yes","947501","C"
"Choice A","1983","Graduate or Professional Degree","Male","White","Greater than $75,000","Catholic","9","Yes","Neither agree nor disagree","Somewhat agree","No","107875","R"
"Choice B","1976","College Degree","Female","Black or African American","$25,000-$50,000","Protestan","8","Yes","Strongly disagree","Strongly agree","No","605697","C"
"Choice A","1988","High school","Female","White","$50,000-$75,000","None","1","Yes","Strongly agree","Somewhat agree","I do not know","543203","N"
"Choice B","1982","College Degree","Male","White","$50,000-$75,000","Other","6","Yes","Somewhat agree","Somewhat agree","Yes","929648","N"
"Choice B","1993","College Degree","Female","White","$25,000-$50,000","None","2","Yes","Somewhat disagree","Somewhat disagree","No","819242","N"
"Choice B","1979","College Degree","Male","White","$50,000-$75,000","None","3","Yes","Neither agree nor disagree","Somewhat agree","Yes","762852","N"
"Choice B","1999","High school","Female","White","$0-$25,000","None","3","Yes","Somewhat agree","Strongly agree","No","745764","N"
"Choice A","1995","College Degree","Female","Black or African American","$25,000-$50,000","None","2","Yes","Neither agree nor disagree","Somewhat agree","No","372443","C"
"Choice B","1983","College Degree","Male","Asian","$50,000-$75,000","Catholic","4","Yes","Somewhat disagree","Somewhat agree","Yes","886212","C"
"Choice B","1992","College Degree","Male","White","$0-$25,000","None","3","Yes","Neither agree nor disagree","Somewhat agree","I do not know","832374","R"
"Choice B","1976","College Degree","Female","White","Greater than $75,000","Protestan","10","Yes","Somewhat agree","Somewhat agree","Yes","174809","N"
"Choice B","1994","College Degree","Male","White","Greater than $75,000","None","1","Yes","Neither agree nor disagree","Somewhat agree","Yes","840292","R"
"Choice A","1994","High school","Female","White","Greater than $75,000","Protestan","1","Yes","Somewhat agree","Strongly agree","Yes","384871","N"
"Choice B","1970","College Degree","Male","White","Greater than $75,000","None","6","Yes","Somewhat agree","Somewhat agree","Yes","482035","N"
"Choice B","1979","Some college","Male","White","$25,000-$50,000","None","5","Yes","Strongly agree","Strongly agree","Yes","133912","R"
"Choice A","1988","College Degree","Male","White","$50,000-$75,000","Protestan","9","No","Neither agree nor disagree","Somewhat agree","No","936917","C"
"Choice B","1987","High school","Male","White","Greater than $75,000","Other","6","Yes","Neither agree nor disagree","Neither agree nor disagree","Yes","341484","C"
"Choice A","1984","College Degree","Female","White","Greater than $75,000","Protestan","8","Yes","Neither agree nor disagree","Strongly agree","Yes","221140","R"
"Choice A","1984","High school","Male","White","$0-$25,000","None","0","Yes","Neither agree nor disagree","Neither agree nor disagree","No","772429","R"
"Choice A","1967","Graduate or Professional Degree","Male","White","Greater than $75,000","None","7","Yes","Somewhat disagree","Somewhat agree","Yes","611336","C"
"Choice B","1956","Some college","Female","White","Greater than $75,000","Catholic","0","Yes","Strongly disagree","Somewhat agree","No","500700","C"
"Choice A","1990","College Degree","Female","White","$0-$25,000","None","2","Yes","Somewhat agree","Strongly agree","Yes","524994","N"
"Choice B","1986","College Degree","Male","White","$50,000-$75,000","None","1","Yes","Somewhat disagree","Somewhat agree","Yes","278086","R"
"Choice B","1986","College Degree","Female","White","$50,000-$75,000","None","5","Yes","Somewhat disagree","Somewhat agree","No","347386","R"
"Choice A","1983","College Degree","Male","White","Greater than $75,000","Catholic","5","No","Somewhat agree","Strongly agree","No","351517","R"
"Choice A","1993","College Degree","Male","White","$25,000-$50,000","None","0","Yes","Somewhat disagree","Somewhat agree","No","555043","N"
"Choice B","1962","Graduate or Professional Degree","Male","White","Greater than $75,000","Protestan","1","Yes","Somewhat agree","Strongly agree","No","470278","N"
"Choice A","1970","Graduate or Professional Degree","Male","White","$25,000-$50,000","None","8","No","Somewhat agree","Strongly agree","I do not know","121920","C"
"Choice B","1969","College Degree","Male","White","Greater than $75,000","Other","6","Yes","Neither agree nor disagree","Neither agree nor disagree","Yes","935706","R"
"Choice A","1987","College Degree","Male","Latino","Greater than $75,000","Catholic","8","Yes","Somewhat disagree","Somewhat disagree","No","760183","R"
"Choice A","1973","Some college","Male","White","$0-$25,000","None","0","Yes","Neither agree nor disagree","Strongly agree","Yes","546255","C"
"Choice B","1977","Some college","Male","White","Greater than $75,000","Protestan","2","Yes","Neither agree nor disagree","Neither agree nor disagree","Yes","166543","C"
"Choice B","1980","College Degree","Female","White","Greater than $75,000","Catholic","6","Yes","Strongly disagree","Strongly agree","Yes","351638","N"
"Choice A","1988","College Degree","Male","Asian","$0-$25,000","None","4","Yes","Neither agree nor disagree","Strongly agree","I do not know","179103","N"
"Choice A","1971","Some college","Female","White","$25,000-$50,000","Catholic","2","Yes","Somewhat disagree","Neither agree nor disagree","Yes","309771","R"
"Choice A","1970","College Degree","Male","Black or African American","Greater than $75,000","Protestan","3","Yes","Somewhat disagree","Strongly disagree","No","225022","R"
"Choice B","1992","Some college","Male","Latino","$25,000-$50,000","Catholic","6","Yes","Somewhat disagree","Somewhat disagree","No","387036","N"
"Choice B","1994","Some college","Male","White","$25,000-$50,000","None","3","Yes","Somewhat agree","Strongly agree","Yes","945322","N"
"Choice B","1972","College Degree","Female","White","Greater than $75,000","Other","1","Yes","Somewhat disagree","Somewhat agree","Yes","794449","R"
"Choice A","1980","High school","Male","White","$0-$25,000","None","2","Yes","Somewhat agree","Strongly agree","Yes","908977","R"
"Choice B","1977","College Degree","Male","White","Greater than $75,000","Protestan","6","No","Neither agree nor disagree","Neither agree nor disagree","No","628975","C"
"Choice B","1972","College Degree","Male","White","Greater than $75,000","Other","1","Yes","Neither agree nor disagree","Strongly agree","Yes","959501","C"
"Choice A","1987","Graduate or Professional Degree","Female","Asian","Greater than $75,000","Catholic","1","Yes","Neither agree nor disagree","Somewhat agree","No","684399","R"
"Choice A","1982","College Degree","Female","White","$25,000-$50,000","None","2","Yes","Somewhat agree","Somewhat agree","I do not know","973484","N"
"Choice B","1994","College Degree","Female","White","Greater than $75,000","None","1","Yes","Somewhat disagree","Somewhat agree","Yes","242805","R"
"Choice B","1980","Some college","Male","White","$25,000-$50,000","Catholic","5","Yes","Somewhat disagree","Neither agree nor disagree","Yes","552992","N"
"Choice B","1985","Some college","Male","White","$25,000-$50,000","None","5","Yes","Strongly agree","Strongly agree","No","894078","R"
"Choice B","1970","High school","Male","White","$25,000-$50,000","None","3","Yes","Neither agree nor disagree","Strongly agree","No","712153","N"
"Choice B","1987","College Degree","Male","Asian","Greater than $75,000","None","2","Yes","Neither agree nor disagree","Neither agree nor disagree","Yes","639700","R"
"Choice B","1962","Some college","Female","White","$0-$25,000","Other","1","Yes","Neither agree nor disagree","Somewhat agree","Yes","479237","R"
"Choice B","1979","Graduate or Professional Degree","Male","White","$50,000-$75,000","Protestan","9","Yes","Somewhat agree","Somewhat disagree","No","775740","C"
"Choice B","1979","Graduate or Professional Degree","Female","White","Greater than $75,000","Catholic","3","Yes","Neither agree nor disagree","Neither agree nor disagree","No","408388","C"
"Choice B","1965","College Degree","Male","White","Greater than $75,000","None","0","Yes","Somewhat disagree","Somewhat agree","No","600162","C"
"Choice B","1992","College Degree","Male","Asian","$25,000-$50,000","None","3","Yes","Somewhat agree","Somewhat agree","No","710460","N"
"Choice B","1973","High school","Female","White","Greater than $75,000","None","4","Yes","Somewhat agree","Somewhat agree","Yes","815647","N"
"Choice A","1962","College Degree","Female","White","$25,000-$50,000","None","2","Yes","Somewhat disagree","Somewhat agree","Yes","835474","R"
"Choice A","1952","College Degree","Female","White","Greater than $75,000","Catholic","6","Yes","Neither agree nor disagree","Strongly agree","No","713287","C"
"Choice B","1991","High school","Female","White","$50,000-$75,000","None","7","Yes","Strongly agree","Strongly agree","Yes","957669","C"
"Choice B","1980","College Degree","Male","Asian","$25,000-$50,000","Catholic","2","Yes","Neither agree nor disagree","Strongly agree","No","343627","R"
"Choice A","1989","Some college","Male","Latino","$25,000-$50,000","None","3","No","Somewhat disagree","Somewhat agree","Yes","251548","N"
"Choice B","1977","College Degree","Female","White","Greater than $75,000","None","2","Yes","Strongly disagree","Neither agree nor disagree","I do not know","132197","R"
"Choice B","1992","Graduate or Professional Degree","Female","White","Greater than $75,000","None","5","Yes","Neither agree nor disagree","Somewhat agree","Yes","935506","N"
"Choice B","1991","Some college","Female","White","$25,000-$50,000","Catholic","6","No","Somewhat disagree","Somewhat agree","No","652668","R"
"Choice B","1986","Graduate or Professional Degree","Male","White","Greater than $75,000","None","1","Yes","Somewhat agree","Somewhat agree","Yes","747043","N"
"Choice A","1992","Graduate or Professional Degree","Female","White","$25,000-$50,000","None","1","Yes","Strongly agree","Strongly agree","Yes","855899","R"
"Choice B","1959","College Degree","Female","White","Greater than $75,000","None","1","Yes","Somewhat agree","Strongly agree","No","305101","R"
"Choice B","1967","Some college","Male","White","$0-$25,000","None","2","Yes","Neither agree nor disagree","Neither agree nor disagree","No","368164","R"
"Choice B","1990","Graduate or Professional Degree","Male","White","Greater than $75,000","None","1","Yes","Neither agree nor disagree","Strongly agree","Yes","552159","R"
"Choice B","1981","Graduate or Professional Degree","Male","White","Greater than $75,000","Muslim","2","Yes","Somewhat disagree","Neither agree nor disagree","Yes","534476","R"
"Choice B","1958","High school","Male","White","$50,000-$75,000","None","3","Yes","Somewhat disagree","Somewhat agree","No","373106","C"
"Choice A","1976","Some college","Female","White","$50,000-$75,000","Lutheran","1","Yes","Somewhat disagree","Somewhat disagree","Yes","791695","R"
"Choice A","1963","Some college","Male","White","Greater than $75,000","None","1","Yes","Somewhat disagree","Strongly agree","Yes","521011","N"
"Choice A","1960","High school","Female","White","$25,000-$50,000","Catholic","9","Yes","Strongly agree","Strongly agree","No","899849","N"
"Choice B","1982","College Degree","Male","Black or African American","$50,000-$75,000","None","0","Yes","Strongly agree","Strongly agree","No","569113","R"
"Choice A","1991","Graduate or Professional Degree","Male","White","Greater than $75,000","Other","3","Yes","Somewhat agree","Neither agree nor disagree","No","364594","R"
"Choice B","1980","College Degree","Male","White","Greater than $75,000","None","4","Yes","Somewhat disagree","Somewhat agree","No","813079","C"
"Choice B","1998","College Degree","Male","Asian","$25,000-$50,000","Catholic","6","No","Somewhat agree","Strongly agree","No","659088","N"
"Choice B","1993","College Degree","Male","White","$25,000-$50,000","None","2","No","Neither agree nor disagree","Somewhat agree","No","581207","C"
"Choice B","1989","Graduate or Professional Degree","Female","White","$50,000-$75,000","None","0","Yes","Strongly disagree","Strongly agree","Yes","807854","R"
"Choice A","1974","College Degree","Female","White","$50,000-$75,000","None","6","Yes","Somewhat agree","Somewhat agree","No","645858","N"
"Choice A","1980","Graduate or Professional Degree","Male","White","$0-$25,000","None","1","Yes","Neither agree nor disagree","Somewhat agree","Yes","721346","C"
"Choice B","1991","Some college","Male","Black or African American","$50,000-$75,000","None","5","No","Somewhat agree","Somewhat agree","No","323359","N"
"Choice B","1979","Some college","Female","White","$25,000-$50,000","None","2","Yes","Somewhat agree","Strongly agree","Yes","454330","R"
"Choice A","1983","College Degree","Male","Latino","$25,000-$50,000","None","2","Yes","Somewhat disagree","Strongly agree","No","738405","N"
"Choice A","1978","Some college","Male","White","$25,000-$50,000","Protestan","8","Yes","Neither agree nor disagree","Neither agree nor disagree","No","376418","R"
"Choice B","1960","College Degree","Male","White","$50,000-$75,000","None","6","Yes","Neither agree nor disagree","Somewhat agree","No","256049","N"
"Choice B","1984","Some college","Male","Other","$25,000-$50,000","None","5","Yes","Neither agree nor disagree","Strongly agree","No","646772","N"
"Choice B","1998","College Degree","Female","Asian","$25,000-$50,000","Catholic","1","Yes","Somewhat agree","Strongly agree","No","275922","R"
"Choice A","1985","High school","Female","White","$25,000-$50,000","Protestan","5","Yes","Neither agree nor disagree","Neither agree nor disagree","Yes","825206","R"
"Choice A","1988","College Degree","Male","Asian","$25,000-$50,000","Catholic","2","Yes","Somewhat agree","Somewhat agree","No","591719","R"
"Choice A","1975","College Degree","Male","White","$50,000-$75,000","Protestan","6","Yes","Somewhat disagree","Somewhat agree","Yes","154108","C"
"Choice B","1984","Graduate or Professional Degree","Male","White","Greater than $75,000","None","0","Yes","Somewhat disagree","Strongly agree","Yes","790379","C"
"Choice A","1991","College Degree","Male","Black or African American","Greater than $75,000","None","5","No","Neither agree nor disagree","Strongly agree","No","784780","C"
"Choice B","1967","Some college","Male","White","$25,000-$50,000","Muslim","8","No","Somewhat agree","Somewhat disagree","No","433353","R"
"Choice B","1992","Less than High School","Female","White","$25,000-$50,000","None","1","Yes","Somewhat disagree","Somewhat agree","No","877223","C"
"Choice B","1987","College Degree","Male","White","$25,000-$50,000","None","3","Yes","Strongly agree","Strongly agree","Yes","776018","C"
"Choice A","1989","College Degree","Male","Asian","$50,000-$75,000","None","5","No","Neither agree nor disagree","Somewhat disagree","No","574150","R"
"Choice A","1983","High school","Female","Other","$0-$25,000","Protestan","5","Yes","Strongly disagree","Somewhat agree","No","903402","R"
"Choice B","1991","College Degree","Male","White","$25,000-$50,000","None","2","Yes","Neither agree nor disagree","Strongly agree","No","169198","R"
"Choice A","1988","College Degree","Male","White","$25,000-$50,000","None","3","Yes","Somewhat disagree","Neither agree nor disagree","No","224125","R"
"Choice A","1997","College Degree","Female","Black or African American","$0-$25,000","Catholic","4","Yes","Neither agree nor disagree","Neither agree nor disagree","Yes","263032","R"
"Choice B","1966","College Degree","Female","White","$25,000-$50,000","Protestan","2","Yes","Strongly disagree","Somewhat disagree","Yes","110733","R"
"Choice B","1985","College Degree","Female","White","$25,000-$50,000","Other","0","Yes","Somewhat agree","Somewhat agree","I do not know","830832","C"
"Choice B","1971","College Degree","Male","White","$25,000-$50,000","None","5","Yes","Strongly disagree","Neither agree nor disagree","No","386545","C"
"Choice A","1984","College Degree","Male","White","$25,000-$50,000","Protestan","10","Yes","Somewhat disagree","Neither agree nor disagree","Yes","145842","N"
"Choice B","1986","College Degree","Male","White","$50,000-$75,000","Catholic","3","No","Neither agree nor disagree","Strongly agree","Yes","891109","R"
"Choice A","1992","College Degree","Male","White","$50,000-$75,000","Muslim","6","No","Somewhat agree","Somewhat agree","No","500209","R"
"Choice B","1971","High school","Male","White","Greater than $75,000","None","7","Yes","Somewhat agree","Somewhat agree","No","589604","N"
"Choice A","1982","Graduate or Professional Degree","Female","White","$50,000-$75,000","Protestan","6","No","Neither agree nor disagree","Somewhat disagree","No","396164","C"
"Choice B","1969","College Degree","Female","White","$0-$25,000","Protestan","6","Yes","Somewhat agree","Neither agree nor disagree","Yes","694476","C"
"Choice B","1979","College Degree","Male","White","$50,000-$75,000","Protestan","2","No","Somewhat disagree","Strongly disagree","No","547315","C"
"Choice A","1970","College Degree","Female","White","Greater than $75,000","Protestan","5","Yes","Strongly disagree","Somewhat agree","No","430049","R"
"Choice B","1983","Some college","Female","White","$25,000-$50,000","None","3","Yes","Somewhat agree","Somewhat agree","Yes","831811","R"
"Choice A","1956","Graduate or Professional Degree","Male","White","Greater than $75,000","Protestan","1","Yes","Somewhat agree","Strongly agree","No","605457","R"
"Choice B","1988","Some college","Female","White","$25,000-$50,000","None","0","Yes","Neither agree nor disagree","Strongly agree","No","952183","C"
"Choice A","1988","High school","Male","White","$0-$25,000","None","5","Yes","Strongly agree","Strongly agree","No","735365","C"
"Choice B","1987","College Degree","Male","White","$50,000-$75,000","Other","1","Yes","Strongly agree","Strongly agree","No","517509","N"
"Choice A","1990","Some college","Female","Latino","$0-$25,000","Catholic","1","Yes","Neither agree nor disagree","Strongly disagree","Yes","314728","C"
"Choice B","1989","College Degree","Male","Black or African American","$50,000-$75,000","Protestan","2","No","Strongly disagree","Strongly agree","Yes","475225","C"
"Choice A","1976","Some college","Male","White","$25,000-$50,000","None","2","Yes","Neither agree nor disagree","Strongly agree","No","191170","C"
"Choice B","1990","Some college","Female","White","$25,000-$50,000","None","4","No","Somewhat agree","Strongly agree","No","154413","C"
"Choice B","1980","College Degree","Male","White","Greater than $75,000","Catholic","5","No","Somewhat agree","Somewhat agree","No","420413","R"
"Choice B","1976","College Degree","Male","White","$50,000-$75,000","None","9","Yes","Neither agree nor disagree","Neither agree nor disagree","Yes","886714","C"
"Choice B","1990","Some college","Male","White","$0-$25,000","None","3","Yes","Neither agree nor disagree","Somewhat agree","No","185974","R"
"Choice B","1994","High school","Male","White","$0-$25,000","Protestan","2","No","Neither agree nor disagree","Somewhat agree","No","174345","N"
"Choice A","1987","Graduate or Professional Degree","Female","White","$50,000-$75,000","None","2","Yes","Neither agree nor disagree","Strongly agree","Yes","225193","R"
"Choice B","1995","Graduate or Professional Degree","Female","Asian","Greater than $75,000","Other","3","Yes","Neither agree nor disagree","Strongly agree","Yes","232391","R"
"Choice A","1985","Graduate or Professional Degree","Male","White","Greater than $75,000","None","7","Yes","Neither agree nor disagree","Neither agree nor disagree","Yes","252933","R"
"Choice A","1995","College Degree","Female","White","$50,000-$75,000","None","2","Yes","Somewhat disagree","Somewhat agree","Yes","197181","C"
"Choice A","1986","Some college","Female","Other","$25,000-$50,000","None","4","Yes","Strongly agree","Strongly agree","Yes","457105","N"
"Choice B","1976","Graduate or Professional Degree","Male","Asian","Greater than $75,000","None","5","Yes","Somewhat agree","Somewhat agree","No","528478","N"
"Choice A","1985","College Degree","Male","White","$50,000-$75,000","Catholic","9","No","Somewhat agree","Somewhat agree","No","269277","N"
"Choice B","1979","College Degree","Female","White","$25,000-$50,000","Protestan","7","Yes","Somewhat disagree","Somewhat disagree","No","739596","N"
"Choice B","1975","Some college","Female","White","$0-$25,000","None","1","Yes","Somewhat disagree","Strongly agree","No","120253","R"
"Choice A","1984","Less than High School","Female","White","$0-$25,000","Other","2","Yes","Strongly agree","Strongly agree","I do not know","908770","R"
"Choice B","1975","Some college","Female","White","Greater than $75,000","None","6","Yes","Somewhat disagree","Strongly agree","No","253228","N"
"Choice A","1968","College Degree","Female","White","$50,000-$75,000","None","1","Yes","Somewhat disagree","Strongly agree","No","197093","C"
"Choice B","1963","High school","Male","White","$25,000-$50,000","None","5","Yes","Somewhat disagree","Neither agree nor disagree","No","785052","C"
"Choice B","1987","College Degree","Male","White","$50,000-$75,000","Catholic","6","Yes","Somewhat agree","Somewhat agree","No","436608","R"
"Choice A","1956","College Degree","Male","White","$0-$25,000","None","6","Yes","Strongly agree","Strongly agree","No","989046","R"
"Choice B","1991","College Degree","Male","White","$25,000-$50,000","Catholic","8","No","Neither agree nor disagree","Somewhat agree","No","921947","R"
"Choice B","1988","Graduate or Professional Degree","Male","White","$25,000-$50,000","Catholic","10","Yes","Somewhat disagree","Somewhat disagree","No","409228","N"
"Choice A","1977","High school","Female","White","Greater than $75,000","Protestan","8","Yes","Somewhat agree","Somewhat agree","Yes","965864","R"
"Choice A","1977","College Degree","Male","White","Greater than $75,000","Protestan","9","Yes","Somewhat agree","Strongly disagree","No","423472","C"
"Choice B","1972","Graduate or Professional Degree","Male","Asian","$50,000-$75,000","None","5","Yes","Neither agree nor disagree","Strongly agree","I do not know","545888","C"
"Choice A","1985","Some college","Female","White","$25,000-$50,000","None","4","No","Somewhat agree","Somewhat agree","No","864739","N"
"Choice B","1950","Graduate or Professional Degree","Female","White","$50,000-$75,000","None","0","Yes","Strongly disagree","Strongly agree","No","662296","R"
"Choice B","1986","Some college","Male","Black or African American","$50,000-$75,000","Catholic","2","Yes","Somewhat agree","Somewhat agree","Yes","252978","R"
"Choice B","1979","College Degree","Male","White","$50,000-$75,000","Catholic","4","No","Neither agree nor disagree","Neither agree nor disagree","No","674562","N"
"Choice A","1957","College Degree","Male","White","$25,000-$50,000","Catholic","6","Yes","Neither agree nor disagree","Neither agree nor disagree","No","399956","R"
"Choice B","1995","College Degree","Male","Other","Greater than $75,000","Protestan","2","Yes","Somewhat agree","Somewhat agree","Yes","487414","R"
"Choice A","1993","College Degree","Female","Black or African American","$50,000-$75,000","Catholic","0","Yes","Somewhat agree","Strongly agree","No","547642","R"
"Choice B","1994","College Degree","Female","Black or African American","$50,000-$75,000","Protestan","3","Yes","Strongly agree","Strongly agree","No","577937","N"
"Choice B","1987","College Degree","Male","White","$50,000-$75,000","None","5","No","Somewhat disagree","Neither agree nor disagree","No","751722","C"
"Choice A","1989","College Degree","Female","White","$50,000-$75,000","None","2","No","Somewhat agree","Somewhat agree","No","639229","N"
"Choice B","1982","Graduate or Professional Degree","Male","Asian","$50,000-$75,000","Other","4","Yes","Somewhat agree","Somewhat agree","No","810020","N"
"Choice A","1986","Some college","Female","White","$0-$25,000","Protestan","10","No","Somewhat disagree","Somewhat agree","No","648454","R"
"Choice B","1983","Some college","Male","Latino","Greater than $75,000","Catholic","6","Yes","Somewhat agree","Somewhat agree","No","878612","R"
"Choice B","1978","Graduate or Professional Degree","Female","White","$50,000-$75,000","None","0","Yes","Strongly agree","Strongly agree","Yes","946071","N"
"Choice B","1988","College Degree","Male","White","$50,000-$75,000","Catholic","3","Yes","Somewhat agree","Strongly agree","I do not know","854453","N"
"Choice A","1954","Graduate or Professional Degree","Male","","$50,000-$75,000","Protestan","10","No","Somewhat agree","Strongly agree","No","661039","R"
"Choice A","1984","Some college","Male","White","$50,000-$75,000","None","0","No","Neither agree nor disagree","Neither agree nor disagree","No","789966","C"
"Choice B","1971","High school","Female","White","$50,000-$75,000","None","4","Yes","Somewhat agree","Neither agree nor disagree","No","762313","C"
"Choice A","1995","College Degree","","White","$50,000-$75,000","Catholic","4","Yes","Strongly disagree","Neither agree nor disagree","No","559482","R"
"Choice B","2000","Some college","Male","Asian","Greater than $75,000","None","2","Yes","Somewhat disagree","Somewhat disagree","No","977915","C"
"Choice B","1953","Some college","Male","Asian","$25,000-$50,000","None","8","Yes","Somewhat agree","Neither agree nor disagree","Yes","969995","R"
"Choice A","1957","College Degree","Male","White","Greater than $75,000","Protestan","8","Yes","Neither agree nor disagree","Neither agree nor disagree","No","894077","C"
"Choice A","1995","College Degree","Male","Black or African American","Greater than $75,000","Protestan","1","No","Somewhat agree","Strongly agree","No","755403","N"
"Choice A","1965","College Degree","Male","White","$50,000-$75,000","Catholic","6","No","Strongly disagree","Neither agree nor disagree","Yes","449552","R"
"Choice A","1982","College Degree","Female","Black or African American","$25,000-$50,000","Protestan","5","Yes","Neither agree nor disagree","Neither agree nor disagree","Yes","574287","R"
"Choice B","1994","College Degree","Male","White","$50,000-$75,000","Protestan","3","No","Somewhat disagree","Neither agree nor disagree","No","965967","C"
"Choice B","1957","College Degree","Female","White","$0-$25,000","Protestan","10","Yes","Strongly disagree","Neither agree nor disagree","No","762157","N"
"Choice A","1972","College Degree","Female","White","$25,000-$50,000","Catholic","10","No","Strongly disagree","Strongly disagree","I do not know","717696","N"
"Choice A","1949","College Degree","Female","White","$0-$25,000","Catholic","8","Yes","Somewhat disagree","Somewhat disagree","Yes","468692","R"
"Choice A","1995","College Degree","Male","White","$25,000-$50,000","Catholic","8","Yes","Neither agree nor disagree","Neither agree nor disagree","Yes","213542","R"
"Choice A","1961","College Degree","Female","White","$50,000-$75,000","Catholic","1","Yes","Neither agree nor disagree","Strongly agree","No","363552","N"
"Choice A","1999","Some college","Female","White","$50,000-$75,000","Catholic","2","No","Somewhat agree","Neither agree nor disagree","No","872114","R"
"Choice B","1985","Some college","Other","White","$50,000-$75,000","Protestan","1","Yes","Somewhat agree","Strongly agree","Yes","280547","C"
"Choice A","1959","College Degree","Male","White","Greater than $75,000","None","1","Yes","Strongly disagree","Somewhat disagree","No","769131","N"
"Choice A","1991","College Degree","Male","Asian","Greater than $75,000","None","5","Yes","Neither agree nor disagree","Neither agree nor disagree","Yes","415794","R"
"Choice B","1978","High school","Female","White","$0-$25,000","Protestan","5","Yes","Neither agree nor disagree","Neither agree nor disagree","No","111024","N"
"Choice B","1984","Some college","Male","White","$25,000-$50,000","None","1","Yes","Somewhat agree","Strongly agree","No","441863","N"
"Choice A","1979","College Degree","Male","Latino","$25,000-$50,000","Catholic","7","No","Somewhat disagree","Neither agree nor disagree","I do not know","425857","N"
"Choice B","1995","College Degree","Male","White","$25,000-$50,000","None","1","Yes","Strongly disagree","Somewhat disagree","No","402950","R"
"Choice B","1993","College Degree","Male","Black or African American","$0-$25,000","None","2","No","Somewhat agree","Neither agree nor disagree","I do not know","778086","R"
"Choice B","1985","College Degree","Male","White","$50,000-$75,000","Protestan","6","No","Neither agree nor disagree","Somewhat agree","No","409269","N"
"Choice B","1994","Graduate or Professional Degree","Female","Black or African American","$25,000-$50,000","Catholic","10","Yes","Somewhat agree","Neither agree nor disagree","No","573680","C"
"Choice B","1989","Graduate or Professional Degree","Male","Asian","Greater than $75,000","Lutheran","5","No","Neither agree nor disagree","Somewhat agree","No","761949","N"
"Choice A","1983","High school","Male","White","$25,000-$50,000","None","5","Yes","Neither agree nor disagree","Somewhat agree","Yes","613785","R"
"Choice B","1966","College Degree","Male","Latino","Greater than $75,000","Protestan","8","Yes","Somewhat disagree","Somewhat disagree","No","763511","R"
"Choice A","1967","Graduate or Professional Degree","Male","White","Greater than $75,000","Protestan","0","No","Somewhat agree","Somewhat agree","No","631847","R"
"Choice A","1984","Some college","Male","White","$50,000-$75,000","None","3","No","Neither agree nor disagree","Somewhat agree","No","120983","N"
"Choice A","1962","College Degree","Male","White","$0-$25,000","Protestan","8","Yes","Strongly disagree","Strongly disagree","No","649865","N"
"Choice A","1976","College Degree","Female","White","$25,000-$50,000","None","3","Yes","Somewhat disagree","Somewhat agree","No","765621","N"
"Choice B","1977","Graduate or Professional Degree","Female","Black or African American","Greater than $75,000","Other","2","Yes","Strongly disagree","Strongly agree","No","678823","R"
"Choice B","1981","College Degree","Male","White","Greater than $75,000","None","4","Yes","Strongly disagree","Strongly disagree","No","169400","N"
"Choice A","1990","Some college","Male","Black or African American","$25,000-$50,000","Protestan","5","No","Somewhat agree","Somewhat agree","No","228350","C"
"Choice B","1999","College Degree","Female","White","$0-$25,000","Protestan","2","Yes","Somewhat agree","Somewhat agree","No","373071","C"
"Choice B","1987","High school","Male","Black or African American","$50,000-$75,000","None","4","Yes","Somewhat disagree","Somewhat agree","No","525522","C"
"Choice A","1993","High school","Male","White","$0-$25,000","Other","0","Yes","Somewhat agree","Somewhat disagree","Yes","690629","C"
"Choice A","1984","Graduate or Professional Degree","Female","Black or African American","Greater than $75,000","Protestan","5","No","Somewhat disagree","Strongly agree","Yes","221702","N"
"Choice B","1962","High school","Male","White","$0-$25,000","Protestan","10","No","Somewhat agree","Somewhat agree","No","429872","N"
"Choice B","1965","Some college","Female","White","$25,000-$50,000","Protestan","8","No","Strongly disagree","Strongly disagree","No","127063","R"
"Choice B","1975","College Degree","Male","White","$50,000-$75,000","Protestan","2","No","Somewhat agree","Somewhat agree","No","630978","N"
"Choice B","1988","Some college","Male","White","$25,000-$50,000","None","0","Yes","Strongly agree","Strongly agree","No","645283","R"
"Choice B","1988","High school","Male","White","Greater than $75,000","None","7","Yes","Somewhat agree","Somewhat agree","No","997728","R"
"Choice A","1961","College Degree","Female","White","Greater than $75,000","None","2","No","Neither agree nor disagree","Somewhat agree","Yes","253334","R"
"Choice A","1961","Some college","Female","White","Greater than $75,000","Protestan","9","Yes","Strongly disagree","Somewhat agree","Yes","372368","R"
"Choice B","1985","Graduate or Professional Degree","Male","White","Greater than $75,000","None","1","Yes","Somewhat agree","Strongly agree","No","591958","N"
"Choice A","1959","College Degree","Female","White","$25,000-$50,000","Lutheran","9","Yes","Somewhat disagree","Somewhat agree","I do not know","822527","N"
"Choice B","1947","Some college","Male","White","$25,000-$50,000","Protestan","4","Yes","Somewhat agree","Strongly agree","Yes","831334","R"
"Choice B","1996","College Degree","Male","White","$50,000-$75,000","Protestan","2","Yes","Somewhat agree","Somewhat agree","No","821333","C"
"Choice B","1988","Graduate or Professional Degree","Male","White","Greater than $75,000","None","7","Yes","Somewhat agree","Strongly agree","No","590709","R"
"Choice A","1950","College Degree","Female","White","$0-$25,000","Catholic","4","Yes","Neither agree nor disagree","Somewhat agree","No","966978","R"
"Choice B","1991","High school","Male","White","$25,000-$50,000","None","6","Yes","Neither agree nor disagree","Neither agree nor disagree","Yes","361064","N"
"Choice B","1981","College Degree","Male","White","Greater than $75,000","Protestan","4","No","Somewhat agree","Strongly agree","Yes","912098","N"
"Choice A","1996","Graduate or Professional Degree","Female","White","$0-$25,000","Protestan","2","Yes","Strongly disagree","Somewhat agree","No","156974","N"
"Choice A","1973","Some college","Female","White","Greater than $75,000","Protestan","10","Yes","Somewhat disagree","Somewhat agree","No","268960","R"
"Choice A","1966","Graduate or Professional Degree","Male","White","$25,000-$50,000","None","5","Yes","Strongly agree","Strongly agree","Yes","167681","R"
"Choice B","1990","High school","Female","White","$50,000-$75,000","None","2","Yes","Neither agree nor disagree","Somewhat agree","Yes","978481","N"
"Choice B","1997","Some college","Male","White","$0-$25,000","None","3","Yes","Somewhat agree","Somewhat disagree","No","180002","C"
"Choice B","1972","College Degree","Male","White","$50,000-$75,000","None","4","Yes","Neither agree nor disagree","Neither agree nor disagree","Yes","770202","C"
"Choice A","1975","Graduate or Professional Degree","Female","White","$50,000-$75,000","Lutheran","5","Yes","Somewhat agree","Somewhat agree","I do not know","713618","R"
"Choice B","1982","College Degree","Male","White","Greater than $75,000","None","1","Yes","Neither agree nor disagree","Strongly agree","No","649909","N"
"Choice A","1990","College Degree","Male","White","Greater than $75,000","Lutheran","6","Yes","Somewhat disagree","Somewhat agree","No","218091","R"
"Choice B","1974","College Degree","Female","White","Greater than $75,000","None","4","Yes","Somewhat agree","Strongly agree","Yes","726210","N"
"Choice A","1992","Some college","Female","White","$0-$25,000","None","1","Yes","Neither agree nor disagree","Strongly agree","Yes","724583","N"
"Choice B","1978","Graduate or Professional Degree","Female","White","Greater than $75,000","Jewish","1","Yes","Strongly agree","Strongly agree","No","414162","R"
"Choice B","1994","College Degree","Male","White","$25,000-$50,000","None","6","Yes","Somewhat agree","Strongly agree","No","507916","C"
"Choice B","1987","Graduate or Professional Degree","Male","White","Greater than $75,000","None","5","Yes","Somewhat disagree","Somewhat agree","Yes","158503","N"
"Choice B","1991","College Degree","Male","White","Greater than $75,000","None","1","Yes","Neither agree nor disagree","Somewhat agree","No","914890","N"
"Choice A","1984","College Degree","Female","White","Greater than $75,000","None","2","No","Neither agree nor disagree","Strongly agree","No","696760","N"
"Choice A","1993","Graduate or Professional Degree","Male","White","$0-$25,000","Protestan","0","Yes","Somewhat disagree","Somewhat agree","Yes","410570","R"
"Choice A","1980","College Degree","Male","White","$50,000-$75,000","Catholic","5","Yes","Somewhat disagree","Neither agree nor disagree","No","533347","N"
"Choice A","1963","College Degree","Male","White","$25,000-$50,000","Catholic","6","Yes","Neither agree nor disagree","Strongly agree","No","944345","N"
"Choice A","1994","High school","Male","White","$25,000-$50,000","Other","0","Yes","Somewhat disagree","Somewhat agree","No","729602","R"
"Choice A","1985","College Degree","Male","White","$25,000-$50,000","Catholic","8","No","Neither agree nor disagree","Somewhat agree","Yes","834178","R"
"Choice B","1950","College Degree","Female","White","$25,000-$50,000","Protestan","3","Yes","Somewhat agree","Strongly agree","No","464334","N"
"Choice B","1992","College Degree","Female","White","Greater than $75,000","None","3","Yes","Neither agree nor disagree","Somewhat agree","Yes","105829","R"
"Choice A","1992","College Degree","Female","White","$50,000-$75,000","None","3","Yes","Strongly disagree","Somewhat agree","Yes","247324","N"
"Choice A","1976","High school","Female","White","$50,000-$75,000","None","5","No","Somewhat disagree","Somewhat agree","No","945385","N"
"Choice A","1985","College Degree","Female","Black or African American","$50,000-$75,000","Protestan","2","Yes","Somewhat agree","Strongly agree","No","519088","R"
"Choice B","1974","Some college","Female","Latino","$50,000-$75,000","None","4","No","Strongly agree","Somewhat agree","No","586117","N"
"Choice B","1994","Graduate or Professional Degree","Female","White","$0-$25,000","None","4","Yes","Somewhat disagree","Somewhat agree","No","400799","R"
"Choice A","1977","College Degree","Female","White","Greater than $75,000","None","0","Yes","Somewhat disagree","Somewhat agree","Yes","717563","C"
"Choice B","1994","Some college","Female","Other","$25,000-$50,000","None","2","Yes","Somewhat agree","Somewhat agree","No","868721","R"
"Choice B","1985","College Degree","Male","White","$25,000-$50,000","Catholic","7","Yes","Neither agree nor disagree","Somewhat agree","Yes","156847","R"
"Choice A","1986","College Degree","Male","Latino","Greater than $75,000","Catholic","2","No","Strongly agree","Somewhat agree","No","196220","R"
"Choice B","1992","High school","Male","White","$25,000-$50,000","None","5","Yes","Neither agree nor disagree","Neither agree nor disagree","No","361888","N"
"Choice B","1984","Graduate or Professional Degree","Female","White","","None","0","Yes","Strongly agree","Strongly agree","Yes","297683","R"
"Choice B","1985","College Degree","Female","Latino","$25,000-$50,000","Catholic","1","Yes","Neither agree nor disagree","Strongly agree","No","970336","R"
"Choice B","1979","College Degree","Female","Black or African American","$25,000-$50,000","Protestan","6","Yes","Neither agree nor disagree","Neither agree nor disagree","No","557760","R"
"Choice A","1985","Some college","Female","White","$25,000-$50,000","Catholic","4","No","Strongly disagree","Neither agree nor disagree","No","654792","N"
"Choice A","1991","College Degree","Male","White","Greater than $75,000","None","0","Yes","Somewhat disagree","Strongly agree","No","388560","R"
"Choice B","1984","College Degree","Male","White","$25,000-$50,000","None","6","Yes","Somewhat agree","Somewhat agree","No","146243","C"
"Choice A","1988","College Degree","Female","Asian","Greater than $75,000","None","4","Yes","Somewhat agree","Strongly agree","Yes","540131","N"
"Choice B","1978","College Degree","Female","White","$50,000-$75,000","None","0","Yes","Neither agree nor disagree","Somewhat agree","Yes","895269","C"
"Choice B","1972","College Degree","Male","White","Greater than $75,000","None","1","No","Somewhat disagree","Somewhat agree","Yes","162236","R"
"Choice B","1981","Graduate or Professional Degree","Male","White","$25,000-$50,000","None","0","Yes","Neither agree nor disagree","Somewhat agree","No","825435","C"
"Choice B","1993","Graduate or Professional Degree","Male","White","Greater than $75,000","Protestan","6","Yes","Somewhat disagree","Neither agree nor disagree","No","694570","R"
"Choice A","1993","Some college","Female","White","$25,000-$50,000","None","3","Yes","Somewhat disagree","Somewhat agree","No","775690","N"
"Choice B","1988","College Degree","Male","Latino","Greater than $75,000","Protestan","4","Yes","Strongly disagree","Somewhat agree","No","608532","N"
"Choice A","1975","College Degree","Female","White","$25,000-$50,000","Protestan","2","Yes","Somewhat disagree","Neither agree nor disagree","Yes","547809","R"
"Choice B","1972","College Degree","Female","White","Greater than $75,000","Protestan","3","Yes","Neither agree nor disagree","Somewhat agree","No","259409","C"
"Choice B","1986","College Degree","Female","White","$50,000-$75,000","Other","6","Yes","Strongly disagree","Somewhat agree","No","648361","R"
"Choice B","1991","College Degree","Male","Asian","$25,000-$50,000","Catholic","1","Yes","Somewhat agree","Strongly agree","No","653681","C"
"Choice B","1978","Some college","Male","White","$0-$25,000","None","3","Yes","Strongly disagree","Neither agree nor disagree","No","243286","N"
"Choice A","1988","Some college","Female","White","Greater than $75,000","None","0","Yes","Strongly agree","Strongly agree","No","367873","C"
"Choice A","1962","College Degree","Male","White","$50,000-$75,000","None","3","Yes","Somewhat disagree","Strongly agree","Yes","338310","N"
"Choice B","1992","Graduate or Professional Degree","Female","White","Greater than $75,000","Protestan","3","Yes","Neither agree nor disagree","Somewhat agree","No","228711","N"
"Choice A","1987","Graduate or Professional Degree","Male","White","Greater than $75,000","None","5","Yes","Neither agree nor disagree","Strongly agree","No","922800","C"
"Choice B","1997","College Degree","Female","White","$25,000-$50,000","None","1","Yes","Somewhat disagree","Somewhat agree","Yes","252609","N"
"Choice B","1993","College Degree","Female","White","Greater than $75,000","Catholic","4","Yes","Somewhat agree","Neither agree nor disagree","Yes","701975","R"
"Choice A","1980","Some college","","White","Greater than $75,000","Protestan","10","Yes","Somewhat agree","Somewhat agree","No","343204","R"
"Choice A","1982","Some college","Female","Latino","$25,000-$50,000","None","5","Yes","Somewhat agree","Strongly agree","Yes","589914","R"
"Choice B","1971","College Degree","Male","White","Greater than $75,000","Catholic","9","Yes","Somewhat agree","Somewhat agree","No","509859","C"
"Choice A","1979","Graduate or Professional Degree","Female","Asian","Greater than $75,000","None","5","Yes","Neither agree nor disagree","Somewhat agree","No","681206","C"
"Choice B","1990","Some college","Female","White","$25,000-$50,000","None","2","Yes","Neither agree nor disagree","Somewhat agree","Yes","236951","C"
"Choice A","1975","College Degree","Female","White","$50,000-$75,000","Catholic","3","Yes","Somewhat disagree","Neither agree nor disagree","No","748603","R"
"Choice A","1987","Graduate or Professional Degree","Male","White","$25,000-$50,000","Catholic","8","No","Somewhat agree","Somewhat agree","No","149253","R"
"Choice A","1981","College Degree","Male","White","Greater than $75,000","Catholic","9","Yes","Somewhat agree","Somewhat disagree","Yes","184100","N"
"Choice A","1968","College Degree","Female","White","Greater than $75,000","Lutheran","10","Yes","Neither agree nor disagree","Somewhat disagree","No","373997","N"
"Choice B","1982","Graduate or Professional Degree","Male","White","Greater than $75,000","None","3","Yes","Somewhat disagree","Neither agree nor disagree","No","257232","N"
"Choice A","1976","College Degree","Male","White","$50,000-$75,000","None","1","Yes","Somewhat disagree","Neither agree nor disagree","Yes","837403","R"
"Choice A","1978","College Degree","Female","White","$50,000-$75,000","Other","8","Yes","Somewhat disagree","Somewhat disagree","Yes","931020","N"
"Choice B","1962","Some college","Female","White","$25,000-$50,000","None","0","Yes","Strongly disagree","Strongly agree","Yes","651286","R"
"Choice A","1972","Graduate or Professional Degree","Male","White","Greater than $75,000","None","7","No","Somewhat agree","Somewhat agree","No","358075","R"
"Choice A","1972","College Degree","Female","Other","$50,000-$75,000","Protestan","8","Yes","Neither agree nor disagree","Neither agree nor disagree","No","141979","C"
"Choice B","1997","College Degree","Male","Black or African American","$25,000-$50,000","Protestan","5","Yes","Somewhat agree","Somewhat agree","No","735816","R"
"Choice B","1976","Graduate or Professional Degree","Female","White","Greater than $75,000","Protestan","9","Yes","Somewhat disagree","Somewhat agree","Yes","382102","C"
"Choice A","1982","Some college","Male","White","$0-$25,000","Protestan","1","Yes","Neither agree nor disagree","Strongly agree","No","826422","N"
"Choice B","1996","High school","Male","Black or African American","$50,000-$75,000","Protestan","4","Yes","Somewhat disagree","Strongly disagree","No","594535","C"
"Choice A","1985","College Degree","Male","White","Greater than $75,000","Catholic","4","Yes","Neither agree nor disagree","Neither agree nor disagree","No","527543","N"
"Choice B","1980","College Degree","Male","Asian","Greater than $75,000","Other","6","Yes","Neither agree nor disagree","Somewhat agree","I do not know","319269","R"
"Choice B","1988","College Degree","Male","Latino","$25,000-$50,000","Catholic","10","Yes","Somewhat agree","Somewhat disagree","I do not know","838052","C"
"Choice B","1982","Graduate or Professional Degree","Male","Asian","Greater than $75,000","Other","3","Yes","Somewhat agree","Strongly agree","No","319267","R"
"Choice A","1996","College Degree","Female","Latino","$0-$25,000","None","3","Yes","Neither agree nor disagree","Somewhat agree","No","849853","R"
"Choice B","1991","College Degree","Female","White","$50,000-$75,000","Catholic","6","Yes","Strongly disagree","Somewhat agree","No","524358","C"
"Choice B","1993","College Degree","Male","Other","Greater than $75,000","Protestan","5","No","Neither agree nor disagree","Neither agree nor disagree","No","812506","N"
"Choice A","1974","College Degree","Female","White","$50,000-$75,000","Protestan","8","Yes","Neither agree nor disagree","Somewhat agree","Yes","997894","N"
"Choice A","1987","College Degree","Female","White","Greater than $75,000","Other","10","Yes","Neither agree nor disagree","Somewhat agree","No","442256","N"
"Choice A","1958","Some college","Male","White","$0-$25,000","Protestan","8","Yes","Somewhat disagree","Somewhat disagree","No","277190","R"
"Choice B","1990","Some college","Female","White","$0-$25,000","Catholic","10","Yes","Somewhat disagree","Strongly disagree","Yes","711404","R"
"Choice A","1985","Some college","Female","White","$0-$25,000","Protestan","5","Yes","Somewhat disagree","Somewhat disagree","Yes","505920","N"
"Choice B","1977","Some college","Female","Other","Greater than $75,000","Protestan","4","Yes","Strongly disagree","Strongly agree","No","745295","R"
"Choice A","1968","Some college","Male","White","$25,000-$50,000","Protestan","10","Yes","Neither agree nor disagree","Neither agree nor disagree","Yes","414769","R"
"Choice B","1961","College Degree","Female","White","Greater than $75,000","None","9","No","Neither agree nor disagree","Somewhat agree","No","200179","R"
"Choice A","1982","College Degree","Female","White","$50,000-$75,000","Protestan","0","No","Neither agree nor disagree","Somewhat agree","No","887451","C"
"Choice A","1982","Some college","","White","$50,000-$75,000","Protestan","6","Yes","Neither agree nor disagree","Strongly agree","No","450666","C"
"Choice B","1964","High school","Male","White","$25,000-$50,000","Protestan","3","Yes","Somewhat disagree","Somewhat agree","No","538815","N"
"Choice A","1986","Some college","Male","White","$25,000-$50,000","Muslim","1","Yes","Somewhat agree","Strongly agree","No","759983","R"
"Choice A","1992","College Degree","Female","Asian","Greater than $75,000","None","5","No","Neither agree nor disagree","Somewhat agree","I do not know","826855","N"
"Choice B","1974","College Degree","Male","White","$50,000-$75,000","Catholic","6","Yes","Somewhat agree","Neither agree nor disagree","No","912770","C"
"Choice B","1969","High school","Female","White","Greater than $75,000","Protestan","8","Yes","Somewhat agree","Somewhat agree","No","492912","R"
"Choice B","1985","College Degree","Male","White","$0-$25,000","None","5","Yes","Somewhat disagree","Neither agree nor disagree","No","544677","R"
"Choice B","1974","College Degree","Male","White","$50,000-$75,000","Protestan","2","Yes","Neither agree nor disagree","Somewhat agree","Yes","242731","C"
"Choice B","1988","College Degree","Female","White","Greater than $75,000","Protestan","7","Yes","Somewhat disagree","Somewhat agree","No","588145","C"
"Choice B","1957","Graduate or Professional Degree","Male","Asian","$50,000-$75,000","Protestan","2","No","Somewhat agree","Somewhat agree","Yes","518627","N"
"Choice B","1949","College Degree","Male","White","$25,000-$50,000","Protestan","7","Yes","Somewhat disagree","Somewhat agree","No","366677","R"
"Choice B","1962","College Degree","Female","White","$0-$25,000","Catholic","0","Yes","Somewhat agree","Strongly agree","No","567452","C"
"Choice B","1969","Graduate or Professional Degree","Male","White","Greater than $75,000","Protestan","5","Yes","Somewhat disagree","Somewhat agree","Yes","576863","C"
"Choice B","1991","High school","Male","White","Greater than $75,000","None","8","Yes","Neither agree nor disagree","Somewhat agree","Yes","602922","C"
"Choice B","1972","High school","Female","White","$50,000-$75,000","None","8","Yes","Strongly agree","Neither agree nor disagree","No","780590","N"
"Choice B","1979","Graduate or Professional Degree","Male","Asian","Greater than $75,000","None","0","Yes","Neither agree nor disagree","Somewhat agree","Yes","804017","R"
"Choice B","1975","College Degree","Female","White","$25,000-$50,000","None","0","Yes","Strongly disagree","Strongly agree","No","792950","N"
"Choice A","1993","College Degree","Male","White","$25,000-$50,000","None","2","Yes","Strongly disagree","Strongly agree","Yes","127078","C"
"Choice A","1989","Some college","Female","Black or African American","$50,000-$75,000","Catholic","8","No","Somewhat agree","Neither agree nor disagree","No","716935","C"
"Choice B","1955","College Degree","Male","White","$25,000-$50,000","Catholic","2","Yes","Somewhat disagree","Somewhat agree","No","318286","R"
"Choice B","1983","High school","Female","White","Greater than $75,000","Catholic","5","Yes","Somewhat agree","Strongly agree","No","141289","N"
"Choice B","1972","Some college","Male","White","$0-$25,000","None","3","Yes","Neither agree nor disagree","Somewhat agree","Yes","528528","R"
"Choice B","1968","Graduate or Professional Degree","Female","White","Greater than $75,000","Protestan","5","Yes","Strongly agree","Strongly agree","Yes","871403","R"
"Choice B","1991","High school","Male","Latino","$25,000-$50,000","None","5","Yes","Strongly agree","Strongly agree","No","285595","N"
"Choice B","1986","College Degree","Male","American Indian or Alaska Native","$25,000-$50,000","Catholic","7","Yes","Somewhat agree","Neither agree nor disagree","Yes","384244","C"
"Choice A","1991","Some college","Male","American Indian or Alaska Native","$25,000-$50,000","None","1","Yes","Strongly agree","Somewhat agree","Yes","811005","C"
"Choice B","1978","Some college","Male","White","$50,000-$75,000","None","6","Yes","Somewhat agree","Strongly agree","No","359742","C"
"Choice A","1949","Graduate or Professional Degree","Female","White","$50,000-$75,000","Protestan","8","No","Strongly disagree","Neither agree nor disagree","No","373326","C"
"Choice B","1967","Graduate or Professional Degree","Female","White","$25,000-$50,000","Catholic","5","Yes","Neither agree nor disagree","Strongly agree","No","847013","C"
"Choice A","1988","Graduate or Professional Degree","Male","Black or African American","$25,000-$50,000","Catholic","9","No","Somewhat agree","Strongly agree","No","265175","R"
"Choice B","1997","College Degree","Female","Latino","$50,000-$75,000","None","2","Yes","Somewhat agree","Strongly agree","No","242305","N"
"Choice B","1983","Graduate or Professional Degree","Male","White","Greater than $75,000","Protestan","9","Yes","Somewhat disagree","Neither agree nor disagree","No","510911","N"
"Choice A","1993","College Degree","Female","White","$25,000-$50,000","Catholic","6","No","Somewhat agree","Neither agree nor disagree","No","889947","C"
"Choice A","1998","College Degree","Female","White","$50,000-$75,000","Protestan","6","Yes","Somewhat agree","Somewhat agree","No","758131","N"
"Choice B","1984","College Degree","Female","Black or African American","$25,000-$50,000","Other","0","Yes","Neither agree nor disagree","Strongly agree","No","335742","C"
"Choice A","1998","College Degree","Female","Black or African American","$25,000-$50,000","Other","1","Yes","Somewhat agree","Somewhat agree","No","202151","R"
"Choice B","1971","College Degree","Female","White","$25,000-$50,000","Catholic","3","Yes","Somewhat agree","Somewhat agree","Yes","960570","C"
"Choice A","1976","College Degree","Female","Latino","$50,000-$75,000","Other","4","No","Strongly agree","Strongly agree","I do not know","531552","C"
"Choice A","1984","High school","Male","White","$25,000-$50,000","Other","8","No","Somewhat agree","Strongly agree","Yes","712975","N"
"Choice B","1980","Some college","Male","White","","None","2","Yes","Somewhat agree","Somewhat agree","No","575092","N"
"Choice A","1979","College Degree","Female","White","Greater than $75,000","None","2","Yes","Somewhat disagree","Neither agree nor disagree","Yes","434269","N"
"Choice A","1990","College Degree","Male","Black or African American","$25,000-$50,000","None","5","No","Neither agree nor disagree","Neither agree nor disagree","I do not know","925777","N"
"Choice B","1994","Some college","Male","Asian","$0-$25,000","None","6","Yes","Somewhat agree","Somewhat agree","Yes","874567","C"
"Choice B","1992","College Degree","Male","White","$0-$25,000","None","5","Yes","Neither agree nor disagree","Neither agree nor disagree","Yes","269727","R"
"Choice B","1962","High school","Female","White","$50,000-$75,000","Lutheran","7","Yes","Somewhat agree","Strongly disagree","No","343950","R"
"Choice B","1983","College Degree","Female","White","$25,000-$50,000","Other","9","Yes","Somewhat agree","Strongly disagree","No","111191","C"
"Choice B","1979","College Degree","Male","White","$50,000-$75,000","None","3","Yes","Somewhat disagree","Somewhat agree","No","139869","R"
"Choice B","1975","College Degree","Female","White","Greater than $75,000","Catholic","5","Yes","Somewhat agree","Neither agree nor disagree","Yes","746459","R"
"Choice B","1993","College Degree","Male","White","Greater than $75,000","None","5","No","Neither agree nor disagree","Somewhat agree","No","875459","R"
"Choice A","1982","Graduate or Professional Degree","Male","Black or African American","$50,000-$75,000","Catholic","2","Yes","Somewhat agree","Somewhat agree","No","781944","N"
"Choice B","1987","Graduate or Professional Degree","Male","White","$25,000-$50,000","None","0","Yes","Neither agree nor disagree","Somewhat agree","I do not know","907198","N"
"Choice B","1984","Graduate or Professional Degree","Female","Asian","$50,000-$75,000","Muslim","5","Yes","Strongly disagree","Somewhat agree","No","507091","R"
"Choice B","1979","Some college","Female","White","$25,000-$50,000","Protestan","8","Yes","Neither agree nor disagree","Neither agree nor disagree","No","250167","R"
"Choice A","1992","College Degree","","White","$0-$25,000","None","0","Yes","Somewhat agree","Strongly agree","I do not know","273427","R"
"Choice B","1992","High school","Female","White","$25,000-$50,000","None","0","Yes","Neither agree nor disagree","Strongly agree","Yes","741028","C"
"Choice A","1992","College Degree","Male","White","$25,000-$50,000","Protestan","3","No","Somewhat disagree","Somewhat agree","No","331515","C"
"Choice B","1994","College Degree","Male","White","Greater than $75,000","Protestan","8","Yes","Somewhat disagree","Neither agree nor disagree","Yes","840658","R"
"Choice B","1983","Graduate or Professional Degree","Male","White","Greater than $75,000","Protestan","9","Yes","Strongly disagree","Neither agree nor disagree","No","265654","R"
"Choice B","1964","College Degree","Female","White","$50,000-$75,000","None","5","Yes","Somewhat agree","Strongly agree","No","730360","R"
"Choice A","1975","College Degree","Female","White","Greater than $75,000","None","5","Yes","Somewhat disagree","Neither agree nor disagree","No","778998","R"
"Choice A","1990","Graduate or Professional Degree","Male","White","$50,000-$75,000","None","2","Yes","Somewhat agree","Somewhat disagree","Yes","680102","R"
"Choice B","1973","Some college","Female","White","$0-$25,000","None","5","Yes","Somewhat disagree","Neither agree nor disagree","Yes","532270","C"
"Choice A","1968","Some college","Female","White","$25,000-$50,000","Protestan","5","Yes","Neither agree nor disagree","Strongly agree","Yes","957051","R"
"Choice A","1990","College Degree","Female","Asian","Greater than $75,000","Other","3","Yes","Somewhat agree","Somewhat agree","No","187527","C"
"Choice B","1989","College Degree","Male","Latino","Greater than $75,000","None","1","Yes","Neither agree nor disagree","Somewhat agree","No","846333","R"
"Choice A","1948","Some college","Male","White","$25,000-$50,000","None","1","Yes","Somewhat disagree","Neither agree nor disagree","No","753081","C"
"Choice B","1989","Some college","Male","White","$0-$25,000","Catholic","9","No","Neither agree nor disagree","Somewhat agree","No","679096","C"
"Choice A","1962","College Degree","Female","White","Greater than $75,000","Protestan","5","Yes","Somewhat disagree","Somewhat agree","Yes","724750","C"
"Choice A","1981","Graduate or Professional Degree","Female","Asian","Greater than $75,000","None","3","Yes","Somewhat disagree","Somewhat agree","No","588615","R"
"Choice A","1996","High school","Male","White","$25,000-$50,000","None","5","Yes","Neither agree nor disagree","Neither agree nor disagree","I do not know","105907","N"
"Choice B","1974","Graduate or Professional Degree","Male","Black or African American","Greater than $75,000","Protestan","3","Yes","Neither agree nor disagree","Strongly agree","Yes","962791","N"
"Choice B","1998","College Degree","Female","White","Greater than $75,000","Catholic","8","Yes","Strongly agree","Strongly agree","No","439601","N"
"Choice B","1988","College Degree","Male","White","$50,000-$75,000","Catholic","9","Yes","Somewhat agree","Strongly disagree","No","771031","N"
"Choice A","1978","Some college","Male","White","$50,000-$75,000","None","4","Yes","Neither agree nor disagree","Somewhat agree","Yes","269129","R"
"Choice B","1995","Some college","Male","White","$50,000-$75,000","Catholic","10","Yes","Somewhat agree","Somewhat disagree","Yes","263262","C"
"Choice A","1952","Graduate or Professional Degree","Male","White","Greater than $75,000","None","5","Yes","Neither agree nor disagree","Somewhat agree","I do not know","421542","R"
"Choice A","1970","Some college","Female","White","Greater than $75,000","Catholic","9","Yes","Neither agree nor disagree","Somewhat agree","No","503941","N"
"Choice B","1949","College Degree","Male","White","$0-$25,000","Protestan","9","Yes","Somewhat agree","Strongly agree","No","929677","R"
"Choice B","1987","College Degree","Female","White","Greater than $75,000","Lutheran","0","Yes","Somewhat agree","Strongly agree","No","274067","C"
"Choice B","1976","Some college","Male","White","$25,000-$50,000","Protestan","3","Yes","Somewhat agree","Strongly agree","No","892946","C"
"Choice A","1993","College Degree","Male","White","$50,000-$75,000","Protestan","6","Yes","Strongly agree","Somewhat agree","No","743999","R"
"Choice B","1996","College Degree","Female","Black or African American","Greater than $75,000","None","5","Yes","Strongly agree","Strongly agree","No","235447","C"
"Choice A","1979","Graduate or Professional Degree","Male","White","Greater than $75,000","None","0","Yes","Neither agree nor disagree","Somewhat agree","No","223034","R"
"Choice A","1985","Graduate or Professional Degree","Male","White","$25,000-$50,000","Other","7","Yes","Neither agree nor disagree","Somewhat agree","No","780546","C"
"Choice B","1966","Some college","Female","White","$25,000-$50,000","Catholic","5","Yes","Somewhat agree","Somewhat agree","No","910620","R"
"Choice A","1942","High school","Male","White","$50,000-$75,000","Catholic","8","Yes","Somewhat agree","Somewhat agree","No","614948","C"
"Choice B","1986","Graduate or Professional Degree","Male","White","Greater than $75,000","Catholic","2","Yes","Somewhat disagree","Somewhat agree","Yes","896305","C"
"Choice A","1981","Graduate or Professional Degree","Female","White","Greater than $75,000","Catholic","4","Yes","Somewhat agree","Somewhat agree","No","721428","R"
"Choice B","1986","College Degree","Female","White","$25,000-$50,000","None","6","Yes","Neither agree nor disagree","Somewhat agree","Yes","346830","C"
"Choice B","1985","Graduate or Professional Degree","Female","White","$50,000-$75,000","Protestan","2","Yes","Strongly disagree","Strongly agree","Yes","316022","N"
"Choice A","1987","College Degree","Female","White","$50,000-$75,000","Catholic","6","Yes","Neither agree nor disagree","Somewhat agree","No","694990","R"
"Choice B","1979","Graduate or Professional Degree","Male","White","$50,000-$75,000","None","2","Yes","Somewhat agree","Strongly agree","No","285933","R"
"Choice A","1993","College Degree","Male","Black or African American","$50,000-$75,000","Protestan","9","No","Somewhat agree","Somewhat agree","No","540635","N"
"Choice B","1971","Some college","Male","White","$25,000-$50,000","None","2","Yes","Strongly agree","Strongly agree","No","208739","N"
"Choice B","1975","College Degree","Female","White","Greater than $75,000","Catholic","9","Yes","Strongly disagree","Neither agree nor disagree","No","354684","N"
"Choice B","1968","Some college","Male","White","$50,000-$75,000","Protestan","6","No","Neither agree nor disagree","Neither agree nor disagree","No","150451","C"
"Choice B","1979","Some college","Male","White","$25,000-$50,000","None","7","Yes","Somewhat disagree","Neither agree nor disagree","No","518890","C"
"Choice B","1987","Some college","Female","White","$25,000-$50,000","Protestan","3","Yes","Neither agree nor disagree","Somewhat agree","Yes","296782","C"
"Choice B","1982","College Degree","Female","Asian","Greater than $75,000","Other","4","Yes","Somewhat agree","Somewhat agree","No","339082","C"
"Choice B","1976","Some college","Female","White","Greater than $75,000","None","10","Yes","Strongly agree","Strongly agree","No","924178","C"
"Choice B","1990","College Degree","Female","Asian","Greater than $75,000","None","6","Yes","Neither agree nor disagree","Somewhat agree","No","352643","N"
"Choice B","1988","Some college","Male","Black or African American","$25,000-$50,000","None","2","Yes","Somewhat disagree","Strongly disagree","No","330376","R"
"Choice A","1995","College Degree","Male","White","$50,000-$75,000","None","1","Yes","Neither agree nor disagree","Strongly agree","No","164936","N"
"Choice A","1962","High school","Female","White","$50,000-$75,000","Protestan","7","Yes","Neither agree nor disagree","Strongly disagree","No","965824","C"
"Choice B","1973","Some college","Female","White","$25,000-$50,000","Protestan","3","Yes","Strongly agree","Somewhat agree","Yes","568596","C"
"Choice A","1995","College Degree","Male","Latino","$50,000-$75,000","None","2","Yes","Neither agree nor disagree","Somewhat agree","No","448519","R"
"Choice B","1968","Graduate or Professional Degree","Female","White","$0-$25,000","Other","2","Yes","Neither agree nor disagree","Strongly agree","Yes","774837","N"
"Choice A","1972","College Degree","Male","White","Greater than $75,000","None","0","Yes","Somewhat agree","Strongly agree","No","536129","R"
"Choice B","1985","College Degree","Female","Asian","$50,000-$75,000","Catholic","4","Yes","Somewhat agree","Strongly agree","No","866423","R"
"Choice B","1994","College Degree","Male","Asian","","None","4","Yes","Strongly agree","Strongly agree","No","851872","N"
"Choice A","1992","High school","Male","White","$25,000-$50,000","None","1","Yes","Somewhat disagree","Strongly agree","Yes","689463","R"
"Choice B","1953","Some college","Female","Black or African American","$0-$25,000","Protestan","3","Yes","Somewhat agree","Somewhat agree","No","892828","N"
"Choice A","1974","Some college","Female","White","Greater than $75,000","Catholic","6","Yes","Somewhat agree","Somewhat agree","No","450737","C"
"Choice A","1968","College Degree","Female","White","Greater than $75,000","None","0","Yes","Somewhat agree","Strongly agree","No","795078","N"
"Choice A","1984","Graduate or Professional Degree","Male","White","Greater than $75,000","Catholic","6","Yes","Somewhat disagree","Somewhat disagree","No","710414","R"
"Choice B","1983","College Degree","Male","White","Greater than $75,000","None","2","Yes","Neither agree nor disagree","Strongly agree","Yes","445884","N"
"Choice B","1977","High school","Male","White","$0-$25,000","Catholic","2","Yes","Strongly agree","Strongly agree","Yes","157993","C"
"Choice B","1988","Some college","Female","Other","$25,000-$50,000","None","2","Yes","Somewhat agree","Strongly agree","Yes","317464","R"
"Choice B","1986","High school","Male","Latino","$50,000-$75,000","None","2","Yes","Neither agree nor disagree","Strongly agree","No","920312","C"
"Choice A","1982","Graduate or Professional Degree","Female","White","Greater than $75,000","Catholic","9","Yes","Somewhat disagree","Neither agree nor disagree","No","167703","C"
"Choice B","1990","Some college","Male","White","$50,000-$75,000","None","7","Yes","Strongly disagree","Strongly agree","No","815707","N"
"Choice B","1968","College Degree","Male","Latino","Greater than $75,000","None","6","Yes","Strongly disagree","Somewhat agree","No","727616","R"
"Choice B","1982","College Degree","Female","White","$25,000-$50,000","Protestan","6","Yes","Somewhat disagree","Somewhat agree","Yes","477856","N"
"Choice B","1996","College Degree","Female","White","$25,000-$50,000","Other","9","Yes","Neither agree nor disagree","Somewhat agree","Yes","144291","R"
"Choice A","1993","College Degree","Male","White","$0-$25,000","None","0","Yes","Neither agree nor disagree","Neither agree nor disagree","No","533415","N"
"Choice A","1972","College Degree","Male","White","$50,000-$75,000","Catholic","10","No","Neither agree nor disagree","Somewhat agree","No","384939","C"
"Choice A","1983","College Degree","Female","White","Greater than $75,000","Protestan","8","Yes","Strongly disagree","Strongly disagree","No","705567","C"
"Choice B","1997","Some college","Female","White","$25,000-$50,000","None","1","Yes","Neither agree nor disagree","Strongly agree","No","117712","N"
"Choice B","1981","College Degree","Female","White","$25,000-$50,000","Protestan","5","No","Strongly disagree","Somewhat agree","No","121617","R"
"Choice B","1958","Graduate or Professional Degree","Female","White","Greater than $75,000","Protestan","8","Yes","Somewhat agree","Somewhat agree","Yes","714801","N"
"Choice B","1979","College Degree","Female","White","$50,000-$75,000","None","0","Yes","Somewhat agree","Strongly agree","Yes","430877","C"
"Choice A","1965","College Degree","Male","White","$50,000-$75,000","Protestan","8","Yes","Somewhat disagree","Somewhat agree","No","567631","C"
"Choice A","1973","Some college","Female","White","$50,000-$75,000","Other","5","Yes","Neither agree nor disagree","Strongly agree","No","343640","R"
"Choice B","1992","College Degree","Male","American Indian or Alaska Native","$50,000-$75,000","Protestan","10","Yes","Strongly disagree","Strongly disagree","No","126272","C"
"Choice A","1978","Graduate or Professional Degree","Female","White","$50,000-$75,000","None","0","Yes","Neither agree nor disagree","Strongly agree","Yes","605885","R"
"Choice B","1982","Graduate or Professional Degree","Male","Latino","$50,000-$75,000","None","0","Yes","Somewhat agree","Somewhat agree","No","430178","R"
"Choice A","1983","College Degree","Male","Black or African American","$50,000-$75,000","Protestan","2","Yes","Somewhat agree","Somewhat agree","No","392849","C"
"Choice B","1984","Some college","Female","Black or African American","Greater than $75,000","Protestan","2","Yes","Somewhat agree","Somewhat agree","Yes","318698","R"
"Choice B","1980","Some college","Female","White","$50,000-$75,000","Protestan","0","Yes","Somewhat disagree","Neither agree nor disagree","Yes","872441","N"
"Choice B","1986","Graduate or Professional Degree","Female","Black or African American","$25,000-$50,000","Protestan","5","Yes","Neither agree nor disagree","Strongly agree","No","703709","N"
"Choice A","1977","College Degree","Female","White","Greater than $75,000","None","1","Yes","Somewhat agree","Strongly agree","No","107380","R"
"Choice B","1984","High school","Male","White","$0-$25,000","Protestan","2","Yes","Somewhat agree","Neither agree nor disagree","Yes","593795","R"
"Choice A","1971","Some college","Female","White","$50,000-$75,000","Protestan","10","Yes","Neither agree nor disagree","Neither agree nor disagree","No","982606","C"
"Choice B","1979","College Degree","Female","White","$50,000-$75,000","Catholic","10","Yes","Somewhat agree","Somewhat agree","No","446820","N"
"Choice A","1987","College Degree","Male","White","$50,000-$75,000","Catholic","8","Yes","Somewhat agree","Strongly agree","No","287723","C"
"Choice A","1976","College Degree","Female","White","$50,000-$75,000","Catholic","5","No","Neither agree nor disagree","Somewhat agree","No","124461","N"
"Choice A","1977","College Degree","Female","Asian","Greater than $75,000","Catholic","0","Yes","Strongly agree","Strongly agree","No","901947","R"
"Choice B","1988","High school","Female","White","Greater than $75,000","None","3","Yes","Somewhat agree","Strongly agree","No","754373","C"
"Choice B","2001","High school","Female","White","Greater than $75,000","None","8","No","Somewhat agree","Somewhat agree","No","561960","C"
"Choice B","1976","Some college","Male","White","Greater than $75,000","Protestan","7","Yes","Neither agree nor disagree","Strongly agree","Yes","427139","C"
"Choice A","1986","Some college","Female","White","Greater than $75,000","None","5","Yes","Neither agree nor disagree","Neither agree nor disagree","No","268670","R"
"Choice B","1969","Some college","Male","White","$0-$25,000","None","5","No","Strongly agree","Strongly agree","No","104993","R"
"Choice B","1979","High school","Female","Black or African American","$50,000-$75,000","Muslim","5","Yes","Strongly agree","Strongly agree","Yes","947319","C"
"Choice B","1989","College Degree","Male","White","$50,000-$75,000","Protestan","2","Yes","Somewhat agree","Somewhat agree","No","697583","N"
"Choice A","1975","College Degree","Female","White","$50,000-$75,000","None","2","Yes","Neither agree nor disagree","Somewhat agree","I do not know","358264","C"
"Choice A","1963","College Degree","Female","White","$0-$25,000","None","0","Yes","Somewhat disagree","Strongly agree","No","251574","R"
"Choice B","1972","College Degree","Female","White","$25,000-$50,000","Protestan","1","Yes","Somewhat agree","Strongly agree","No","233476","C"
"Choice A","1970","Some college","Female","White","$50,000-$75,000","Protestan","6","Yes","Somewhat agree","Somewhat agree","No","936755","N"
"Choice B","1979","College Degree","Female","White","$50,000-$75,000","None","0","Yes","Strongly disagree","Somewhat agree","No","269287","C"
"Choice A","1983","College Degree","Male","White","Greater than $75,000","None","2","Yes","Strongly disagree","Strongly agree","Yes","900033","R"
"Choice B","1989","College Degree","Male","White","$25,000-$50,000","None","2","Yes","Strongly agree","Somewhat agree","No","532947","N"
"Choice A","1948","High school","Female","White","$50,000-$75,000","Protestan","10","Yes","Strongly disagree","Strongly disagree","No","163578","N"
"Choice B","1981","College Degree","Male","White","$50,000-$75,000","Catholic","5","Yes","Somewhat disagree","Neither agree nor disagree","I do not know","150610","R"
"Choice B","1993","College Degree","Male","Black or African American","$50,000-$75,000","Protestan","2","Yes","Neither agree nor disagree","Neither agree nor disagree","No","464899","R"
"Choice A","1987","College Degree","Female","White","$50,000-$75,000","Protestan","4","Yes","Somewhat agree","Somewhat agree","No","534045","R"
"Choice B","1982","College Degree","Male","White","$50,000-$75,000","Protestan","2","Yes","Somewhat disagree","Somewhat agree","No","697620","N"
"Choice A","1982","Some college","Male","White","Greater than $75,000","Catholic","7","Yes","Somewhat agree","Neither agree nor disagree","No","484736","R"
"Choice B","1995","Some college","Female","Latino","$50,000-$75,000","None","2","Yes","Somewhat disagree","Somewhat agree","No","859536","R"
"Choice A","1968","College Degree","Female","White","$50,000-$75,000","Catholic","1","Yes","Somewhat disagree","Strongly agree","Yes","906560","C"
"Choice B","1986","Some college","Male","Asian","$25,000-$50,000","None","3","Yes","Neither agree nor disagree","Somewhat disagree","I do not know","654315","C"
"Choice B","1974","Some college","Male","White","$25,000-$50,000","Other","0","Yes","Somewhat agree","Somewhat agree","No","257455","N"
"Choice B","1965","College Degree","Male","White","Greater than $75,000","None","1","Yes","Somewhat agree","Strongly agree","Yes","227718","N"
"Choice A","1994","College Degree","Female","White","$0-$25,000","None","3","Yes","Somewhat agree","Neither agree nor disagree","No","117811","R"
"Choice A","1980","Some college","Male","White","Greater than $75,000","None","1","Yes","Somewhat disagree","Strongly agree","No","618370","N"
"Choice B","1983","College Degree","Male","White","$50,000-$75,000","Catholic","5","Yes","Strongly agree","Strongly agree","Yes","724999","N"
"Choice A","1997","Graduate or Professional Degree","Male","Asian","$25,000-$50,000","Other","2","Yes","Somewhat agree","Somewhat agree","I do not know","900117","C"
"Choice A","1990","College Degree","Male","Black or African American","$50,000-$75,000","Catholic","7","No","Somewhat agree","Somewhat agree","Yes","770870","C"
"Choice A","1987","College Degree","Male","White","$25,000-$50,000","None","3","Yes","Neither agree nor disagree","Strongly agree","No","763673","R"
"Choice A","1983","College Degree","Female","White","$50,000-$75,000","Protestan","9","Yes","Somewhat agree","Strongly disagree","No","151562","C"
"Choice A","1989","College Degree","Male","White","$25,000-$50,000","None","3","Yes","Neither agree nor disagree","Somewhat agree","Yes","700183","C"
"Choice B","1972","College Degree","Female","Asian","Greater than $75,000","Catholic","2","Yes","Strongly agree","Strongly agree","No","216924","C"
"Choice B","1975","Graduate or Professional Degree","Male","Latino","$50,000-$75,000","None","0","Yes","Neither agree nor disagree","Strongly agree","No","609588","R"
"Choice B","1979","College Degree","Male","White","$50,000-$75,000","Catholic","2","Yes","Somewhat agree","Strongly agree","No","712401","N"
"Choice A","1992","College Degree","Male","Black or African American","$50,000-$75,000","None","2","Yes","Somewhat agree","Strongly agree","No","787267","C"
"Choice B","1987","High school","Male","White","$50,000-$75,000","Muslim","4","Yes","Neither agree nor disagree","Neither agree nor disagree","Yes","119349","N"
"Choice B","1982","College Degree","Female","White","$25,000-$50,000","Catholic","2","No","Neither agree nor disagree","Somewhat agree","No","978795","C"
"Choice B","1988","College Degree","Female","White","$50,000-$75,000","Catholic","4","No","Neither agree nor disagree","Strongly agree","I do not know","472280","C"
"Choice B","1985","Some college","Female","Black or African American","Greater than $75,000","Muslim","0","Yes","Somewhat agree","Strongly agree","No","322004","N"
"Choice B","1990","College Degree","Male","White","$25,000-$50,000","Protestan","2","Yes","Somewhat agree","Somewhat disagree","No","742118","N"
"Choice B","1975","College Degree","Male","White","$50,000-$75,000","Protestan","1","Yes","Strongly agree","Somewhat agree","No","915071","C"
"Choice B","1990","Some college","Female","White","$0-$25,000","None","1","Yes","Somewhat agree","Strongly agree","No","688284","R"
"Choice B","1962","College Degree","Female","White","Greater than $75,000","Protestan","8","Yes","Neither agree nor disagree","Somewhat agree","No","928338","N"
"Choice A","1979","Some college","Female","White","Greater than $75,000","Other","2","Yes","Neither agree nor disagree","Somewhat agree","No","715982","N"
"Choice B","1987","Graduate or Professional Degree","Female","White","$50,000-$75,000","Protestan","5","Yes","Neither agree nor disagree","Somewhat agree","No","454453","N"
"Choice B","1996","College Degree","Female","White","$25,000-$50,000","None","2","Yes","Somewhat agree","Strongly agree","Yes","893961","C"
"Choice B","1993","College Degree","Male","White","$0-$25,000","None","0","Yes","Somewhat agree","Somewhat agree","No","615428","N"
"Choice B","1984","College Degree","Female","White","$25,000-$50,000","Muslim","2","No","Strongly agree","Strongly agree","Yes","316676","N"
"Choice B","1975","Some college","Male","White","$25,000-$50,000","Protestan","9","Yes","Somewhat disagree","Somewhat disagree","No","251617","C"
"Choice A","1963","College Degree","Female","White","$25,000-$50,000","Protestan","0","Yes","Somewhat disagree","Neither agree nor disagree","Yes","216226","R"
"Choice B","1993","College Degree","Male","White","Greater than $75,000","Protestan","6","Yes","Somewhat agree","Somewhat agree","Yes","942160","C"
"Choice B","1984","College Degree","Male","Black or African American","Greater than $75,000","None","1","Yes","Somewhat agree","Neither agree nor disagree","No","523724","R"
"Choice B","1990","Graduate or Professional Degree","Male","Black or African American","$50,000-$75,000","Protestan","9","No","Somewhat agree","Somewhat agree","No","833474","N"
"Choice B","1976","College Degree","Male","White","$50,000-$75,000","None","1","Yes","Strongly agree","Strongly agree","No","675308","C"
"Choice A","1995","College Degree","Female","Black or African American","$25,000-$50,000","Catholic","3","No","Neither agree nor disagree","Somewhat agree","No","858518","C"
"Choice A","1967","College Degree","Male","White","$50,000-$75,000","None","5","Yes","Strongly agree","Strongly agree","No","120467","C"
"Choice B","1988","College Degree","Male","Asian","$25,000-$50,000","None","4","Yes","Neither agree nor disagree","Somewhat agree","Yes","257293","N"
"Choice B","2000","High school","Male","Latino","$50,000-$75,000","None","4","Yes","Somewhat agree","Somewhat agree","No","418576","N"
"Choice B","1979","College Degree","Female","White","$25,000-$50,000","None","0","Yes","Somewhat disagree","Neither agree nor disagree","Yes","387294","R"
"Choice A","1989","College Degree","Male","Black or African American","$0-$25,000","None","2","Yes","Somewhat agree","Strongly agree","Yes","635023","R"
"Choice A","1988","College Degree","Male","White","$25,000-$50,000","Catholic","2","No","Strongly agree","Strongly agree","No","264085","C"
"Choice A","1970","Graduate or Professional Degree","Female","Black or African American","Greater than $75,000","None","6","Yes","Somewhat agree","Somewhat agree","No","933759","R"
"Choice B","1994","College Degree","Female","White","$50,000-$75,000","None","2","Yes","Somewhat disagree","Strongly agree","No","211012","R"
"Choice B","1978","College Degree","Female","Asian","$25,000-$50,000","None","5","No","Somewhat disagree","Somewhat disagree","No","749241","N"
"Choice A","1960","High school","Female","White","$25,000-$50,000","Catholic","4","Yes","Neither agree nor disagree","Somewhat agree","No","916206","R"
"Choice B","1985","Some college","Female","White","Greater than $75,000","None","0","Yes","Strongly disagree","Neither agree nor disagree","No","299389","C"
"Choice B","1980","Graduate or Professional Degree","Female","White","$50,000-$75,000","None","2","Yes","Somewhat agree","Somewhat agree","Yes","292609","R"
"Choice B","1977","College Degree","Male","White","Greater than $75,000","Other","5","Yes","Somewhat agree","Somewhat agree","Yes","544186","N"
"Choice B","1960","High school","Female","White","$25,000-$50,000","Other","9","Yes","Neither agree nor disagree","Somewhat agree","Yes","324371","R"
"Choice A","1973","College Degree","Male","White","Greater than $75,000","None","0","Yes","Neither agree nor disagree","Somewhat agree","Yes","509099","R"
"Choice A","1982","Some college","Female","White","$50,000-$75,000","Protestan","10","Yes","Strongly disagree","Somewhat agree","No","625192","N"
"Choice A","1988","Some college","Female","Black or African American","$25,000-$50,000","None","2","Yes","Somewhat agree","Strongly agree","No","241982","N"
"Choice A","1957","Graduate or Professional Degree","Male","American Indian or Alaska Native","Greater than $75,000","None","6","Yes","Somewhat agree","Somewhat agree","No","183092","N"
"Choice B","1969","College Degree","Male","White","$25,000-$50,000","Catholic","1","Yes","Neither agree nor disagree","Somewhat agree","No","702919","C"
"Choice A","1980","Graduate or Professional Degree","Male","White","$25,000-$50,000","Catholic","7","Yes","Somewhat agree","Strongly agree","No","200668","N"
"Choice B","1987","Some college","Male","Latino","$25,000-$50,000","None","2","No","Neither agree nor disagree","Somewhat agree","No","344920","N"
"Choice B","2000","Some college","Female","White","$50,000-$75,000","None","2","Yes","Somewhat agree","Strongly agree","No","866948","R"
"Choice B","1979","College Degree","Female","White","$25,000-$50,000","Other","2","Yes","Neither agree nor disagree","Somewhat agree","No","603058","C"
"Choice A","1992","College Degree","Male","Asian","Greater than $75,000","Catholic","1","Yes","Somewhat agree","Somewhat agree","No","181414","R"
"Choice B","1984","College Degree","Male","White","$50,000-$75,000","None","1","No","Neither agree nor disagree","Strongly agree","No","104311","N"
"Choice B","1992","College Degree","Female","Black or African American","$50,000-$75,000","Lutheran","0","No","Somewhat disagree","Somewhat agree","No","510577","C"
"Choice B","1990","Some college","Male","Black or African American","$25,000-$50,000","None","0","Yes","Neither agree nor disagree","Neither agree nor disagree","Yes","773225","N"
"Choice B","1953","Some college","Female","White","$25,000-$50,000","Protestan","10","Yes","Somewhat disagree","Neither agree nor disagree","No","355457","C"
"Choice B","1987","College Degree","Male","White","Greater than $75,000","Catholic","5","No","Somewhat agree","Strongly agree","No","513806","N"
"Choice A","1990","Some college","Female","White","$25,000-$50,000","Other","1","No","Neither agree nor disagree","Strongly agree","I do not know","326912","N"
"Choice A","1953","Some college","Male","White","$50,000-$75,000","Catholic","4","Yes","Neither agree nor disagree","Strongly agree","Yes","612946","C"
"Choice A","1996","High school","Male","White","$25,000-$50,000","None","2","Yes","Somewhat disagree","Somewhat agree","No","394217","C"
"Choice A","1963","Graduate or Professional Degree","Male","Other","$25,000-$50,000","None","5","Yes","Somewhat agree","Somewhat agree","No","310543","C"
"Choice A","1984","Some college","Male","White","$0-$25,000","Other","5","Yes","Strongly agree","Strongly agree","No","906517","N"
"Choice A","1982","High school","Female","Latino","$50,000-$75,000","Catholic","3","Yes","Somewhat disagree","Strongly agree","No","801519","R"
"Choice B","1957","Graduate or Professional Degree","Male","White","$25,000-$50,000","Protestan","1","Yes","Somewhat disagree","Somewhat agree","I do not know","703852","N"
"Choice B","1988","Some college","Male","White","$0-$25,000","None","0","Yes","","","","824033","R"
"Choice A","1978","Graduate or Professional Degree","Female","White","Greater than $75,000","Other","7","Yes","Strongly disagree","Neither agree nor disagree","No","990842","C"
"Choice B","1988","Graduate or Professional Degree","Male","Asian","$50,000-$75,000","Other","2","Yes","","","","727747","C"
"Choice A","1983","College Degree","Male","White","Greater than $75,000","Protestan","1","Yes","Neither agree nor disagree","Strongly agree","No","222832","R"
"Choice B","","","","","","","","","","","","833180","C"
"Choice B","1978","College Degree","Male","Asian","Greater than $75,000","Protestan","2","Yes","Somewhat agree","Somewhat agree","No","866027","R"
"Choice B","1987","Some college","Female","White","$0-$25,000","Other","5","Yes","Neither agree nor disagree","Neither agree nor disagree","Yes","721117","R"
"Choice B","1967","Graduate or Professional Degree","Female","White","Greater than $75,000","None","2","Yes","Somewhat disagree","Somewhat agree","Yes","430097","C"
"Choice B","1986","Graduate or Professional Degree","Male","Black or African American","$0-$25,000","Muslim","0","Yes","Somewhat agree","Strongly agree","No","734041","N"
"Choice B","1991","High school","Male","Other","$25,000-$50,000","None","5","Yes","Strongly agree","Strongly agree","No","497793","R"
"Choice B","1987","High school","Male","White","$0-$25,000","None","5","Yes","Neither agree nor disagree","Neither agree nor disagree","No","503800","C"
"Choice B","1967","College Degree","Female","White","Greater than $75,000","Jewish","2","Yes","Neither agree nor disagree","Somewhat agree","No","450930","C"
"Choice B","1964","Some college","Male","White","$25,000-$50,000","None","2","Yes","Somewhat agree","Strongly agree","Yes","363665","R"
"Choice A","1985","College Degree","Female","White","$50,000-$75,000","None","7","Yes","Somewhat disagree","Somewhat disagree","No","617393","C"
"Choice B","1989","Graduate or Professional Degree","Female","Asian","$50,000-$75,000","Protestan","2","Yes","Somewhat agree","Somewhat agree","No","761152","N"
"Choice B","1985","College Degree","Female","White","$50,000-$75,000","Other","0","Yes","Neither agree nor disagree","Strongly agree","No","920892","N"
"Choice B","1996","College Degree","Male","White","$25,000-$50,000","None","4","Yes","Somewhat agree","Somewhat agree","No","220304","R"
"Choice B","","","","","","","","","","","","187009","C"
"Choice A","1989","Graduate or Professional Degree","Female","Black or African American","$50,000-$75,000","Catholic","9","Yes","Somewhat agree","Somewhat agree","No","487613","C"
"Choice B","1968","College Degree","Female","Black or African American","$0-$25,000","Protestan","6","Yes","Somewhat agree","Somewhat disagree","No","990581","R"
"Choice B","1981","College Degree","Female","White","$50,000-$75,000","None","4","Yes","Somewhat agree","Neither agree nor disagree","No","756303","R"
"Choice A","1986","Some college","Female","White","$25,000-$50,000","Catholic","4","Yes","Somewhat agree","Strongly agree","Yes","939150","C"
