"","city_w3","a1_w3","a4_w3","a6a_w3","a20a_w2","a20b_w2","a20c_w2","a20d_w2","a20e_w2","a21a_w2","a21b_w2","a21c_w2","a21d_w2","a21e_w2","b11a_w2","b11b_w2","b11c_w2","b11d_w2","b11e_w2","d12a_w2","d12b_w2","d12c_w2","d12d_w2","d12e_w2","d13a_w2","d13b_w2","d13c_w2","d13d_w2","d13e_w2","d14a_w2","d14b_w2","d14c_w2","d14d_w2","e17a_w2","e17b_w2","e17c_w2","e17d_w2","e17e_w2","k7_w3","sector1_w3","sector2_w3","sector3_w3","sector4_w3","sector5_w3","pa_w3","pt_w3","age_w3"
"2","Shanghai",1,0,19,0,0,1,0,0,0,1,0,1,0,0,1,1,1,0,0,1,0,1,0,0,1,0,1,0,0,1,1,0,0,1,1,1,0,25,0,0,1,0,0,"a","",41
"6","Shanghai",1,1,13,0,0,1,1,0,0,1,0,1,0,0,1,0,1,0,0,1,0,1,1,0,1,0,1,1,0,1,0,1,0,1,0,1,1,45,0,0,0,1,0,"b","",56
"18","Shanghai",1,1,15,0,0,1,0,0,0,0,1,1,0,0,0,1,1,0,0,1,0,1,0,0,1,0,1,0,0,1,1,0,0,1,0,1,0,40,0,1,0,0,0,"a","",63
"19","Shanghai",1,1,11,1,0,0,0,0,1,0,0,0,0,0,1,0,1,1,0,1,0,1,0,0,1,0,1,0,0,0,1,0,0,1,1,1,1,40,0,0,0,1,0,"b","",56
"21","Shanghai",1,1,16,0,0,1,1,0,0,0,0,1,0,0,1,0,1,1,0,0,1,0,1,0,0,1,1,0,0,0,1,1,0,0,1,1,0,60,0,1,0,0,0,"","b",58
"22","Shanghai",1,1,16,0,1,1,0,0,0,0,0,1,1,0,0,0,1,1,0,0,0,1,1,0,1,1,0,0,0,1,1,0,0,0,1,1,0,65,0,1,0,0,0,"a","",56
"23","Shanghai",0,1,16,0,0,0,1,0,0,0,0,1,0,0,1,0,0,1,0,0,0,0,1,0,0,1,0,0,0,0,0,1,0,0,0,1,0,45,1,0,0,0,0,"a","",44
"24","Shanghai",0,1,16,0,1,0,0,0,0,1,0,0,0,0,1,0,0,0,0,1,1,0,0,0,1,0,0,0,0,0,1,0,0,0,1,1,0,80,0,0,0,0,1,"a","",36
"31","Shanghai",1,1,19,0,0,0,1,0,1,0,0,0,0,0,0,0,1,0,1,0,0,0,0,0,0,1,0,0,0,1,0,0,0,0,0,1,0,55,0,1,0,0,0,"","a",42
"32","Shanghai",1,1,16,0,0,1,0,0,0,1,0,1,0,0,1,0,0,1,0,0,1,1,0,0,1,1,1,0,0,0,1,0,1,0,0,0,0,50,0,1,0,0,0,"a","",42
"33","Shanghai",0,1,19,1,0,0,0,0,1,0,0,0,0,1,0,0,0,0,1,0,0,0,0,1,0,0,0,0,1,0,0,0,0,1,0,0,0,30,0,1,0,0,0,"a","",40
"34","Shanghai",0,1,20,0,0,1,1,0,0,0,1,1,0,0,0,1,1,0,0,0,1,0,0,0,0,1,0,0,0,1,1,0,0,1,0,1,0,60,1,0,0,0,0,"a","",38
"35","Hangzhou",0,1,16,0,0,1,0,0,0,0,0,1,0,0,0,1,0,0,0,0,0,0,1,0,0,0,1,0,0,0,1,0,0,0,0,1,0,25,0,0,0,0,1,"","a",52
"36","Shanghai",0,1,16,0,1,0,1,0,0,0,0,0,1,0,1,0,1,0,0,0,1,0,0,0,0,0,1,1,0,0,1,0,0,1,0,0,1,30,1,0,0,0,0,"","a",43
"37","Shanghai",0,1,25,0,0,1,1,0,0,0,1,0,0,0,1,0,0,0,0,1,1,0,0,0,1,0,0,0,0,0,1,0,0,1,1,0,0,50,1,0,0,0,0,"a","",52
"38","Shanghai",0,1,16,0,0,0,1,0,1,0,0,0,0,0,0,1,0,0,0,0,0,1,0,0,0,0,0,1,0,0,0,1,0,0,0,1,0,30,1,0,0,0,0,"a","",50
"39","Shanghai",1,1,16,0,0,1,0,0,1,0,0,0,0,0,0,0,1,0,0,0,0,1,0,0,0,1,0,0,0,0,1,0,0,0,0,0,1,50,0,0,0,0,1,"b","",44
"40","Shanghai",1,1,16,1,0,0,0,0,0,1,1,0,0,0,1,0,0,1,0,1,0,0,1,0,0,1,0,0,0,1,0,0,0,1,0,0,0,45,1,0,0,0,0,"","a",42
"41","Shanghai",0,1,15,0,1,1,0,0,0,1,1,0,0,1,0,0,0,0,1,0,0,0,0,1,0,0,0,0,1,0,0,0,0,1,1,0,0,45,1,0,0,0,0,"a","",43
"44","Shanghai",1,1,22,0,0,1,1,0,0,0,1,1,0,0,0,1,1,0,1,0,0,0,0,0,1,1,1,1,0,1,1,1,0,1,1,1,1,30,0,0,0,0,1,"","b",59
"46","Shanghai",1,1,15,1,0,0,0,0,0,1,0,0,0,0,1,0,0,0,0,0,1,0,0,0,0,0,0,1,0,0,0,1,0,0,0,0,1,50,0,0,0,0,1,"b","",59
"48","Shanghai",1,1,16,0,0,0,1,0,0,0,1,0,0,0,0,0,1,0,0,0,1,0,0,0,1,0,0,0,0,1,0,0,0,1,0,0,0,30,1,0,0,0,0,"a","",53
"49","Shanghai",1,0,9,0,0,1,0,0,0,0,1,0,0,0,1,0,0,0,0,1,0,0,0,0,1,0,0,0,0,1,0,0,0,1,0,0,0,25,0,0,0,0,1,"b","",48
"51","Shanghai",1,1,16,0,1,0,1,0,0,1,1,1,1,0,1,0,1,0,0,1,1,0,0,0,1,1,0,0,0,1,0,0,0,1,1,0,0,25,1,0,0,0,0,"","a",40
"52","Shanghai",1,1,16,0,0,0,1,0,0,0,1,0,0,0,1,0,0,1,0,1,1,0,0,0,1,0,0,0,0,1,0,0,0,1,1,0,0,30,0,0,0,0,1,"","b",57
"54","Shanghai",1,1,12,0,1,0,0,0,0,1,0,0,0,0,1,0,0,0,0,1,0,0,0,0,1,0,0,0,0,1,0,1,0,1,0,1,0,45,0,0,0,0,1,"","b",40
"56","Shanghai",1,1,15,0,1,0,1,1,0,1,1,1,1,0,1,1,0,0,0,1,1,0,0,0,1,1,0,0,0,1,0,0,0,1,0,0,0,30,0,0,0,0,1,"a","",50
"57","Shanghai",1,1,15,0,1,1,1,0,0,1,1,1,0,0,1,1,1,0,0,1,1,1,0,0,1,1,1,0,0,1,1,0,0,1,1,1,0,32,0,0,0,0,1,"a","",46
"58","Shanghai",1,1,16,0,1,1,0,0,0,1,1,0,0,0,1,1,0,0,0,1,0,0,0,0,1,0,0,0,0,1,0,0,0,1,0,0,0,100,1,0,0,0,0,"","a",47
"61","Shanghai",1,1,15,0,0,0,1,0,1,0,0,0,0,0,0,0,1,0,0,0,1,0,0,0,0,0,1,0,0,0,0,1,0,0,1,0,0,35,0,0,0,0,1,"","b",42
"62","Shanghai",1,1,15,0,0,1,1,0,0,1,0,1,0,0,1,1,0,0,0,1,0,0,0,0,1,1,0,0,0,1,0,0,0,1,1,0,0,170,0,0,0,0,1,"a","",47
"63","Shanghai",1,1,19,0,0,0,1,1,0,0,1,0,0,0,0,0,1,0,0,0,1,0,0,0,0,0,0,1,0,0,0,1,0,0,0,1,0,70,0,0,0,0,1,"a","",48
"64","Shanghai",1,1,16,1,0,0,0,0,1,0,0,0,0,1,0,0,0,0,0,1,1,1,0,0,1,1,1,0,0,1,1,0,0,1,1,1,0,100,1,0,0,0,0,"b","",52
"65","Shanghai",1,1,19,1,0,0,0,0,1,0,0,0,0,1,0,0,0,0,1,0,0,0,0,1,0,0,0,0,1,0,0,0,1,0,0,0,0,60,0,0,0,1,0,"","a",37
"66","Shanghai",1,1,16,0,0,0,0,1,1,0,0,0,0,1,0,0,0,0,0,1,1,0,0,0,1,1,0,0,0,1,0,0,0,1,0,1,0,60,0,0,0,1,0,"","a",51
"67","Shanghai",1,1,19,0,0,0,1,1,0,0,0,1,0,0,0,0,1,1,0,0,0,1,1,0,1,0,1,1,0,0,1,1,0,1,0,1,0,40,0,1,0,0,0,"","b",47
"68","Shanghai",1,1,12,0,1,0,0,0,0,1,1,0,0,0,1,0,0,0,0,1,1,0,0,0,1,0,0,0,0,0,0,1,0,1,0,0,0,60,0,0,0,0,1,"a","",54
"70","Shanghai",1,1,15,1,0,0,0,0,1,0,0,0,0,1,0,0,0,0,1,0,0,0,0,1,0,0,0,0,1,0,0,0,1,0,0,0,0,40,0,0,0,0,1,"a","",49
"72","Shanghai",1,1,15,0,1,1,0,0,0,1,1,0,0,0,1,1,0,0,0,1,1,0,0,0,1,1,0,0,0,0,1,0,0,1,1,0,0,25,0,0,0,0,1,"","b",59
"73","Shanghai",1,1,16,0,1,1,0,0,0,1,1,0,0,1,0,0,0,0,0,1,1,0,0,0,1,1,0,0,0,1,1,0,0,1,1,0,0,80,0,1,0,0,0,"","a",47
"75","Shanghai",1,1,15,0,0,1,1,0,0,1,1,0,0,0,1,1,0,0,0,0,1,0,0,0,0,1,0,0,0,0,1,0,0,1,0,0,0,50,0,0,0,0,1,"","a",54
"76","Shanghai",1,0,15,0,1,0,0,0,0,1,0,0,0,0,1,1,0,0,0,1,1,0,0,0,1,1,0,0,0,1,1,0,0,1,1,0,0,40,0,0,0,0,1,"","b",42
"77","Shanghai",1,1,15,0,0,0,1,0,0,0,1,0,0,0,1,0,0,0,0,0,0,1,0,0,1,0,0,0,0,0,1,0,0,1,0,0,0,35,0,0,0,0,1,"a","",42
"78","Shanghai",1,0,15,1,0,0,0,0,0,1,0,0,0,0,0,0,1,0,0,0,1,0,0,0,1,0,0,0,0,0,1,0,0,0,0,1,0,120,0,0,0,0,1,"b","",45
"79","Shanghai",1,1,15,0,0,1,1,0,0,1,0,0,0,0,1,0,0,0,0,1,0,0,0,0,1,1,0,0,0,1,0,0,0,1,1,0,0,40,0,0,0,0,1,"","a",50
"80","Shanghai",1,1,15,0,1,0,0,0,0,1,0,1,0,0,1,0,0,1,0,1,0,0,0,0,1,0,0,0,0,1,0,0,0,1,1,1,1,35,0,0,0,0,1,"","b",47
"82","Shanghai",1,1,18,1,0,0,0,0,1,0,0,0,0,1,0,0,0,0,0,0,0,1,0,0,0,0,1,0,0,0,1,0,0,0,0,1,0,70,0,0,0,1,0,"a","",60
"84","Shanghai",1,1,16,0,1,0,0,0,0,1,0,0,0,0,1,0,0,0,0,1,0,0,0,0,1,0,0,0,0,1,0,0,0,1,0,0,0,40,0,0,0,0,1,"","a",38
"85","Shanghai",1,1,15,0,1,0,0,0,0,1,0,0,0,0,1,0,0,0,0,1,0,0,0,0,1,0,0,0,0,1,0,0,0,1,1,0,0,80,0,0,0,0,1,"","a",42
"86","Shanghai",1,1,16,1,0,0,0,0,1,0,0,0,0,1,0,0,0,0,0,0,0,1,0,0,0,1,1,0,0,0,1,0,0,0,0,1,0,50,0,0,0,0,1,"","a",52
"87","Shanghai",1,1,16,0,0,0,1,0,0,0,0,1,0,0,0,1,0,0,0,0,1,0,0,0,0,1,0,0,0,0,1,0,0,0,1,0,0,28,1,0,0,0,0,"","a",42
"88","Shanghai",0,1,15,0,1,0,0,0,0,1,0,0,0,0,1,0,0,0,0,1,0,0,0,0,1,0,0,0,0,1,0,0,0,1,1,0,0,35,0,0,0,0,1,"a","",43
"89","Shanghai",1,1,15,0,0,0,1,0,0,0,0,1,0,0,0,1,1,0,0,0,0,1,0,0,0,0,1,0,0,0,1,0,0,0,0,1,0,35,0,0,0,0,1,"a","",57
"90","Shanghai",1,1,12,1,0,0,0,0,1,0,0,0,0,1,0,0,0,0,0,1,1,0,0,0,1,1,0,0,0,0,1,0,0,0,0,1,1,15,0,0,0,0,1,"b","",40
"92","Shanghai",0,1,19,1,0,0,0,0,1,0,0,0,0,0,1,0,0,1,0,1,1,1,0,0,1,0,1,1,0,1,0,1,0,0,1,0,1,25,0,0,0,1,0,"","a",42
"94","Shanghai",0,1,16,1,0,0,0,0,1,0,0,0,0,1,0,0,0,0,1,0,0,0,0,1,0,0,0,0,1,0,0,0,1,0,0,0,0,35,1,0,0,0,0,"","a",50
"95","Shanghai",1,1,13,0,0,1,0,0,0,0,1,1,0,0,1,1,0,0,0,1,0,0,0,0,1,1,1,0,0,1,0,0,0,1,0,0,0,30,0,0,0,0,1,"a","",42
"96","Shanghai",1,1,16,0,1,1,0,0,0,1,1,0,0,0,1,0,0,0,0,1,1,0,0,0,1,1,0,0,0,1,1,0,0,1,0,1,0,45,1,0,0,0,0,"b","",44
"97","Shanghai",1,1,15,0,0,0,1,0,0,0,1,0,0,0,1,0,0,0,0,1,0,0,0,0,1,0,0,0,0,0,1,0,0,0,1,0,0,20,1,0,0,0,0,"a","",57
"99","Shanghai",0,1,15,0,1,1,0,0,0,1,1,0,0,0,1,0,0,0,0,1,0,0,0,0,1,0,0,0,0,1,0,0,0,1,1,0,0,20,1,0,0,0,0,"","b",55
"100","Shanghai",0,1,16,0,1,0,0,0,0,1,0,0,0,0,1,0,0,0,0,1,0,0,0,0,1,0,0,0,0,1,0,0,0,1,0,0,0,35,1,0,0,0,0,"","a",40
"102","Shanghai",1,1,16,0,0,1,0,0,0,0,0,1,0,0,0,0,0,1,0,0,1,0,0,0,0,1,1,0,0,1,0,0,0,0,1,0,0,20,0,0,0,0,1,"a","",46
"103","Shanghai",0,1,15,0,0,1,0,0,0,0,1,0,0,0,1,0,0,0,0,1,1,1,0,0,1,1,1,0,1,0,0,0,0,1,1,1,0,15,0,0,0,0,1,"a","",42
"110","Shanghai",1,1,12,1,0,0,0,0,1,0,0,0,0,0,0,0,1,0,0,1,0,0,0,0,0,1,0,0,0,0,1,0,0,0,0,1,1,80,0,0,0,0,1,"","a",47
"111","Shanghai",1,1,16,0,1,1,1,0,1,0,0,0,0,0,1,1,1,1,0,1,1,1,1,0,1,1,1,0,0,1,0,0,0,1,0,0,0,25,0,0,0,0,1,"","a",42
"113","Shanghai",1,1,15,0,1,1,0,0,0,0,0,1,0,0,1,0,1,0,0,0,0,1,1,0,1,0,0,0,0,0,1,0,0,0,0,1,0,40,0,0,0,0,1,"b","",47
"114","Shanghai",1,1,12,0,0,1,0,0,0,1,0,0,0,0,1,0,1,0,0,0,1,0,0,0,0,1,1,0,0,0,1,0,0,1,0,0,0,60,0,0,1,0,0,"","a",51
"115","Shanghai",1,1,14,0,1,0,0,0,0,0,0,1,0,0,1,0,0,0,0,0,0,1,0,0,1,0,0,0,0,0,1,0,0,1,0,0,0,70,0,1,0,0,0,"b","",49
"116","Shanghai",1,1,13,0,0,1,0,0,0,0,0,1,0,1,0,0,0,0,0,0,0,1,1,0,0,0,1,0,0,1,1,0,0,1,0,1,0,50,0,0,1,0,0,"","b",48
"117","Shanghai",1,0,13,0,1,1,0,0,0,1,0,1,0,0,0,0,0,1,0,1,0,1,0,0,0,0,1,0,0,1,1,0,0,0,0,1,0,60,0,0,0,0,1,"","a",51
"118","Shanghai",1,1,17,1,0,0,0,0,1,0,0,0,0,0,1,0,0,1,0,0,1,0,1,0,0,1,0,0,0,0,1,0,0,1,0,0,1,70,0,0,1,0,0,"","a",49
"119","Shanghai",0,1,16,0,0,1,1,0,0,0,1,1,0,0,0,0,0,1,0,0,1,1,0,0,0,0,1,0,0,0,1,0,0,1,0,1,0,120,0,0,1,0,0,"b","",44
"120","Shanghai",1,1,15,0,1,0,1,0,0,0,1,1,1,0,0,1,1,1,0,1,0,1,0,0,0,1,1,0,0,0,0,1,1,0,0,0,0,40,0,0,0,0,1,"a","",45
"121","Shanghai",1,1,15,0,1,1,0,0,0,0,1,1,0,0,1,0,1,1,0,0,1,1,0,0,1,1,0,0,0,1,1,1,0,1,1,0,0,80,0,0,0,0,1,"a","",40
"122","Shanghai",0,1,16,1,0,0,0,0,1,0,0,0,0,1,0,0,0,0,1,0,0,0,0,1,0,0,0,0,1,0,0,0,1,0,0,0,0,30,0,0,0,0,1,"","a",43
"123","Shanghai",0,1,16,0,1,0,1,0,0,1,0,1,1,0,1,0,0,0,0,1,0,1,0,0,1,1,1,0,0,1,0,1,0,1,0,0,1,35,0,0,0,0,1,"","a",42
"124","Shanghai",1,1,13,1,0,0,0,0,0,1,0,0,0,0,1,0,0,0,0,1,0,0,0,0,1,0,0,0,0,1,0,1,0,1,0,0,0,50,0,0,0,0,1,"","a",50
"125","Shanghai",1,1,15,0,0,1,0,0,0,1,0,0,0,0,1,1,1,1,0,1,0,0,0,0,1,1,1,1,0,1,1,1,0,1,0,1,0,50,0,0,1,0,0,"b","",69
"126","Shanghai",0,1,16,1,0,0,0,0,1,0,0,1,0,1,0,1,0,0,0,1,0,1,0,0,1,0,1,0,0,1,1,0,0,1,0,1,0,30,0,0,0,0,1,"b","",37
"127","Shanghai",1,1,17,1,0,0,0,0,1,0,0,0,0,0,1,1,1,0,0,1,0,1,1,0,1,0,1,1,0,1,0,1,1,0,0,0,0,35,0,0,0,0,1,"a","",37
"128","Shanghai",1,1,16,1,0,0,0,0,0,0,0,1,0,0,0,0,1,0,0,0,0,1,1,0,0,0,1,1,0,1,1,1,0,1,0,1,0,40,0,0,0,0,1,"","a",39
"143","Nanjing",0,1,18,0,0,1,1,0,0,1,1,1,0,0,0,1,1,0,0,0,1,1,0,0,0,1,1,0,0,1,1,0,0,0,1,1,0,20,0,0,0,0,1,"a","",48
"144","Nanjing",1,1,16,0,1,1,1,0,0,1,1,1,0,0,1,1,1,0,0,1,1,1,0,0,1,1,1,0,0,1,1,0,0,1,1,1,0,50,0,0,0,0,1,"a","",38
"146","Nanjing",1,1,15,1,0,0,0,0,1,0,0,0,0,0,0,1,1,0,0,1,1,1,0,0,1,1,1,0,0,1,1,1,0,1,1,1,0,30,0,0,0,0,1,"","b",53
"147","Nanjing",1,1,15,0,1,0,1,0,0,0,1,0,1,0,1,1,0,1,1,0,0,0,0,0,1,0,1,0,0,1,0,0,0,0,1,1,0,50,1,0,0,0,0,"","a",60
"151","Nanjing",1,1,15,0,0,1,1,0,0,1,0,1,0,0,1,0,1,0,0,0,0,0,0,0,1,0,1,0,0,0,1,0,0,1,0,1,0,35,0,0,0,0,1,"b","",47
"152","Nanjing",1,0,15,0,1,0,1,1,0,0,1,0,1,0,1,0,1,1,0,1,0,1,0,0,0,1,1,1,0,1,0,1,0,0,1,1,0,110,0,0,1,0,0,"b","",49
"153","Nanjing",1,1,12,0,1,1,0,0,0,0,1,1,0,0,0,1,0,1,0,1,1,0,0,1,0,0,0,0,0,0,1,0,0,0,0,1,0,30,0,0,0,0,1,"a","",53
"156","Nanjing",1,1,11,0,1,0,1,0,0,1,0,1,0,0,1,0,1,0,0,1,0,1,0,0,1,0,1,0,0,1,1,0,0,1,0,1,0,45,0,0,1,0,0,"","b",44
"157","Nanjing",1,0,16,0,1,1,0,0,0,1,0,1,0,0,0,1,1,0,0,1,1,0,0,0,1,0,1,0,0,1,1,1,0,1,0,1,0,40,0,1,0,0,0,"","b",57
"159","Nanjing",1,1,16,1,0,0,0,0,1,0,0,0,0,0,0,0,1,0,0,1,0,1,1,0,1,0,1,1,0,1,0,0,0,1,0,1,1,25,0,0,0,1,0,"b","",42
"160","Nanjing",1,1,15,0,0,1,1,0,0,1,1,1,0,0,1,0,1,0,0,1,0,1,0,0,1,0,1,0,0,1,1,0,0,1,0,1,0,80,0,1,0,0,0,"b","",34
"161","Nanjing",1,1,11,1,0,0,0,0,0,0,0,1,0,0,0,0,0,1,0,0,0,1,0,1,0,0,0,0,0,1,1,0,0,1,1,0,0,45,0,1,0,0,0,"b","",55
"162","Nanjing",0,1,16,1,0,0,0,0,1,0,0,0,0,1,0,0,0,0,0,1,1,1,0,0,1,0,0,1,0,1,1,0,0,1,1,1,0,50,0,1,0,0,0,"","b",36
"164","Nanjing",1,1,15,1,0,0,0,0,1,0,0,0,0,1,0,0,0,0,0,1,0,0,1,0,1,0,1,1,0,0,1,0,0,1,0,1,1,50,0,1,0,0,0,"","a",56
"165","Nanjing",0,1,12,0,1,1,1,0,1,0,0,0,0,0,0,1,1,1,0,0,1,1,0,0,1,1,1,0,0,1,1,0,0,0,1,1,0,15,0,1,0,0,0,"","a",63
"168","Nanjing",1,1,14,0,1,1,1,0,0,0,1,1,1,0,0,1,1,1,0,0,1,1,1,0,1,1,1,0,0,1,1,0,0,1,1,0,0,60,0,0,0,0,1,"a","",49
"169","Nanjing",1,1,14,0,1,1,1,0,0,0,1,0,1,0,1,0,1,1,0,1,0,1,1,0,1,1,0,0,0,1,0,1,0,0,1,1,1,35,0,0,0,1,0,"a","",46
"171","Nanjing",0,1,15,0,1,0,1,0,0,0,1,1,1,0,0,1,0,1,0,0,1,1,1,0,1,1,0,0,0,1,1,0,0,1,0,1,1,20,0,0,1,0,0,"b","",43
"172","Nanjing",0,1,15,0,0,1,1,0,0,1,0,1,1,0,1,1,1,0,0,0,1,1,0,0,1,0,1,1,0,1,0,1,0,1,0,1,0,30,0,0,0,1,0,"","b",44
"173","Nanjing",1,1,14,1,0,0,0,0,1,0,0,0,0,0,0,1,0,0,0,0,1,1,0,0,0,1,1,0,0,0,1,1,0,1,0,1,1,50,0,0,0,0,1,"","b",52
"174","Nanjing",1,1,16,1,0,0,0,0,1,0,0,0,0,0,0,1,0,0,1,0,0,0,0,0,0,1,1,0,0,1,0,0,0,0,1,0,0,30,0,0,1,0,0,"a","",37
"175","Nanjing",1,1,15,0,0,0,1,0,1,0,0,0,0,0,1,0,0,0,0,0,1,0,0,0,1,0,0,0,0,0,0,1,0,1,0,0,0,30,0,0,1,0,0,"a","",34
"177","Nanjing",1,1,17,0,1,0,0,1,0,1,0,0,1,0,1,0,0,1,0,1,0,0,1,0,1,0,0,1,0,1,0,1,0,1,0,1,0,45,0,0,1,0,0,"a","",48
"178","Nanjing",0,1,12,1,0,0,0,0,1,0,0,0,0,1,0,0,0,0,0,0,0,1,0,0,0,0,1,0,0,0,1,0,0,1,0,1,1,120,0,0,1,0,0,"","b",42
"181","Nanjing",1,0,10,0,0,0,1,0,1,0,0,0,0,0,1,1,0,0,0,1,0,1,0,0,1,0,0,1,0,0,1,1,0,1,0,1,0,45,0,0,0,1,0,"","a",39
"182","Nanjing",1,0,12,0,1,0,1,0,0,1,0,1,0,0,1,0,1,0,0,1,0,1,0,0,1,0,1,0,0,1,0,0,0,1,0,1,0,25,0,1,0,0,0,"a","",44
"183","Nanjing",1,1,18,0,0,1,0,1,0,0,1,0,1,0,1,0,0,1,0,0,1,1,0,0,1,0,0,1,0,1,0,1,0,0,0,1,1,70,0,0,1,0,0,"a","",52
"186","Nanjing",1,1,15,1,0,0,0,0,1,0,0,0,0,1,0,0,0,0,0,0,0,1,0,0,0,0,1,0,0,0,1,0,0,1,0,1,1,40,0,1,0,0,0,"b","",49
"188","Nanjing",0,0,15,0,1,0,0,0,0,0,0,1,0,0,0,0,1,0,0,0,1,0,0,1,0,0,0,0,0,1,0,0,0,0,0,0,1,50,0,0,1,0,0,"","b",52
"192","Nanjing",1,1,11,0,1,1,1,0,0,1,0,1,0,0,1,0,1,0,1,0,0,0,0,1,0,0,0,0,1,0,0,0,1,0,0,0,0,100,1,0,0,0,0,"b","",50
"193","Nanjing",1,1,11,0,1,0,1,0,0,1,0,1,0,0,1,0,1,0,0,1,0,1,0,0,1,0,1,0,0,1,1,0,0,1,0,0,0,30,0,0,0,0,1,"a","",48
"194","Nanjing",1,0,18,1,0,0,0,0,1,0,0,0,0,1,0,0,0,0,1,0,0,0,0,1,0,0,0,0,1,0,0,0,1,0,0,0,0,50,0,0,0,0,1,"a","",62
"196","Nanjing",1,1,15,1,0,0,0,0,1,0,0,0,0,1,0,0,0,0,0,0,0,1,0,0,0,0,1,0,1,0,0,0,1,0,0,0,0,45,0,1,0,0,0,"","b",40
"197","Nanjing",1,1,12,1,0,0,0,0,1,0,0,0,0,1,0,0,0,0,1,0,0,0,0,1,0,0,0,0,1,0,0,0,1,0,0,0,0,30,0,1,0,0,0,"","a",56
"198","Nanjing",1,0,15,0,1,0,0,1,0,1,0,0,1,0,1,0,0,1,1,0,0,0,0,1,0,0,0,0,1,0,0,0,1,0,0,0,0,40,0,0,0,0,1,"","b",63
"199","Nanjing",1,0,16,0,1,0,0,1,0,1,1,0,0,0,0,0,1,1,0,0,0,1,1,0,1,0,1,0,0,0,1,1,0,1,0,1,0,70,0,0,0,0,1,"b","",40
"200","Nanjing",1,0,15,0,0,0,1,0,0,0,0,1,0,0,0,0,1,0,0,0,0,1,0,0,0,0,1,1,0,0,0,1,0,0,0,1,1,25,0,0,0,0,1,"b","",41
"201","Nanjing",1,0,14,0,1,0,1,0,0,1,0,1,0,0,0,1,1,0,0,1,0,1,0,0,1,0,1,0,0,1,1,0,0,1,0,1,0,30,0,1,0,0,0,"a","",43
"202","Nanjing",1,1,16,0,1,1,1,0,0,1,1,1,0,0,1,1,1,0,0,1,1,1,0,0,0,1,1,1,0,1,1,1,0,0,1,1,1,30,0,0,0,0,1,"","a",49
"203","Nanjing",1,1,14,0,1,0,1,0,0,1,0,1,0,0,0,0,1,0,1,0,0,0,0,1,0,0,0,0,1,0,0,0,1,0,0,0,0,35,0,1,0,0,0,"","a",34
"204","Nanjing",1,1,16,1,0,0,0,0,0,1,0,1,0,1,0,0,0,0,0,0,1,1,0,0,0,1,0,1,1,0,0,0,0,1,0,1,0,35,0,1,0,0,0,"","a",60
"205","Nanjing",1,1,14,0,1,0,1,0,0,0,0,1,0,0,0,0,1,1,0,1,0,1,0,0,1,0,1,0,0,1,1,0,0,1,0,0,1,75,0,1,0,0,0,"b","",48
"206","Nanjing",1,0,14,0,0,0,1,0,1,0,0,0,0,1,0,0,0,0,0,1,0,1,0,0,1,0,1,0,0,0,1,0,0,1,0,1,1,55,0,1,0,0,0,"b","",47
"207","Nanjing",1,1,9,0,1,1,0,0,0,1,0,1,0,1,0,0,0,0,0,1,1,0,0,0,0,1,1,0,0,0,1,0,0,0,1,1,0,45,0,0,0,0,1,"","a",47
"210","Nanjing",0,0,12,1,0,0,0,0,1,0,0,0,0,1,0,0,0,0,1,0,0,0,0,1,0,0,0,0,1,0,0,0,1,0,0,0,0,30,1,0,0,0,0,"","a",32
"211","Nanjing",1,1,16,0,0,1,1,0,0,0,1,1,1,0,0,1,1,1,0,0,1,0,0,1,0,0,0,0,0,0,1,1,1,0,0,0,0,50,0,0,0,0,1,"","a",65
"212","Nanjing",1,0,12,0,1,1,0,0,0,0,1,0,0,0,1,1,0,0,0,0,1,1,0,0,1,1,0,0,0,0,1,0,0,0,1,1,0,40,0,0,0,0,1,"","a",56
"214","Nanjing",1,1,15,0,0,1,1,0,0,1,1,1,0,0,1,1,0,1,0,1,0,1,1,0,1,1,0,0,0,1,0,1,0,1,0,1,1,30,0,0,0,0,1,"","a",50
"215","Nanjing",0,1,15,0,1,1,0,0,0,1,0,1,0,0,0,0,1,1,0,1,1,0,0,0,1,1,0,0,0,1,1,0,0,1,1,0,0,35,0,0,0,0,1,"a","",56
"216","Nanjing",1,0,14,1,0,0,0,0,1,0,0,0,0,1,0,0,0,0,1,0,0,0,0,1,0,0,0,0,1,0,0,0,1,0,0,0,0,40,0,1,0,0,0,"a","",57
"218","Nanjing",0,1,11,1,0,0,0,0,1,0,0,0,0,0,0,1,0,1,1,0,0,0,0,1,0,0,0,0,0,1,1,1,0,0,1,1,1,50,0,0,0,0,1,"","b",48
"219","Nanjing",1,1,12,1,0,0,0,0,1,0,0,0,0,0,1,1,1,0,0,1,0,1,0,0,1,0,1,1,0,0,1,1,0,0,0,1,1,30,0,0,0,0,1,"a","",58
"221","Nanjing",1,1,16,1,0,0,0,0,1,0,0,0,0,1,0,0,0,0,0,0,0,1,0,0,1,0,1,1,1,0,0,0,0,1,0,1,1,35,0,0,0,0,1,"b","",56
"224","Nanjing",1,0,11,0,1,0,0,0,0,0,1,0,0,0,0,1,1,0,0,1,1,0,0,0,0,0,1,0,1,0,0,0,0,0,0,1,0,45,0,0,0,0,1,"b","",44
"225","Nanjing",1,0,15,1,0,0,0,0,1,0,0,0,0,1,0,0,0,0,0,1,0,0,1,0,1,0,1,1,1,0,0,0,0,1,0,1,1,35,1,0,0,0,0,"","a",42
"226","Nanjing",1,1,15,0,0,1,1,0,0,1,0,1,1,0,1,0,1,0,0,1,1,1,0,0,0,1,1,0,1,0,0,0,0,1,0,0,1,50,1,0,0,0,0,"","a",30
"228","Nanjing",0,0,15,0,0,1,0,1,0,1,1,0,0,0,1,1,0,0,0,0,1,1,1,0,1,1,0,0,0,1,0,1,0,1,0,1,0,20,0,1,0,0,0,"","a",43
"229","Nanjing",1,0,15,0,0,1,1,0,0,1,1,0,0,0,0,1,1,1,0,0,1,1,0,0,1,1,0,1,0,0,1,1,0,0,1,0,1,25,0,0,0,0,1,"","a",42
"230","Nanjing",0,1,12,0,0,1,1,0,0,1,1,0,0,0,1,0,1,1,0,0,1,1,0,0,1,0,1,1,0,1,1,0,0,0,1,1,0,30,1,0,0,0,0,"","b",50
"231","Nanjing",1,1,14,0,1,1,0,0,0,0,1,1,0,0,0,1,0,1,0,0,1,1,1,0,1,1,0,0,0,0,1,1,0,0,1,1,1,20,0,0,0,0,1,"a","",48
"233","Nanjing",1,1,13,0,1,0,1,0,0,1,0,1,0,0,1,0,1,0,0,1,0,1,0,0,1,0,0,1,0,1,1,0,0,1,0,0,1,30,0,0,0,0,1,"b","",48
"234","Nanjing",0,1,11,0,0,1,1,0,0,1,1,1,0,0,0,1,1,0,0,0,1,1,0,0,1,1,1,0,0,1,1,0,0,0,1,1,0,60,0,0,0,0,1,"a","",66
"235","Nanjing",1,1,14,0,1,0,1,1,0,0,1,1,0,0,0,1,0,1,0,0,1,1,1,0,1,0,1,1,0,1,1,0,0,1,1,0,1,30,0,1,0,0,0,"","a",52
"236","Nanjing",0,1,6,1,0,0,0,0,1,0,0,0,0,1,0,0,0,0,0,1,0,1,0,0,1,0,1,0,0,1,1,0,0,1,0,1,1,35,1,0,0,0,0,"","b",48
"237","Nanjing",1,0,12,1,0,0,0,0,1,0,0,0,0,1,0,0,0,0,0,0,0,1,0,0,0,0,1,0,0,1,0,0,0,1,0,1,1,30,0,1,0,0,0,"a","",30
"238","Nanjing",1,0,15,0,1,0,1,0,0,0,1,1,0,0,1,1,0,0,0,0,1,1,0,0,1,0,1,1,0,1,1,0,0,1,1,0,0,15,0,0,0,0,1,"","a",42
"239","Nanjing",1,0,15,0,0,1,1,0,0,1,1,0,0,0,1,0,1,0,0,1,0,1,1,0,1,1,0,0,0,1,1,0,0,1,0,1,0,120,1,0,0,0,0,"b","",37
"240","Nanjing",1,1,15,1,0,0,0,0,1,0,0,0,0,1,0,0,0,0,0,1,0,1,1,0,1,0,1,1,1,0,0,0,0,1,0,1,1,120,0,0,0,0,1,"b","",37
"242","Nanjing",1,0,15,0,1,1,1,0,0,1,0,1,0,0,0,1,1,1,0,0,1,1,1,0,0,1,1,1,0,1,1,1,0,1,1,1,0,30,0,1,0,0,0,"","b",56
"243","Nanjing",1,0,9,0,1,0,0,0,0,1,0,0,0,0,1,0,1,1,0,1,0,1,1,0,1,0,0,1,0,1,0,0,0,1,0,1,1,65,0,0,0,0,1,"a","",42
"245","Nanjing",1,0,15,0,1,0,0,1,0,1,0,0,1,0,1,0,0,1,0,1,0,0,1,0,1,0,0,1,0,1,0,1,0,1,0,0,1,35,0,0,0,1,0,"","b",40
"246","Nanjing",1,0,12,0,1,0,0,1,0,1,0,0,1,0,1,0,0,1,0,1,1,0,1,0,1,0,0,1,0,1,0,1,0,1,0,0,1,20,0,0,0,0,1,"","b",48
"247","Nanjing",1,0,15,0,1,0,0,1,0,1,0,1,1,0,1,0,0,1,0,1,0,1,1,0,1,0,0,1,0,1,0,1,0,1,0,0,0,20,0,0,0,0,1,"b","",34
"248","Nanjing",1,1,15,0,1,0,0,1,0,1,0,0,1,0,1,1,0,1,0,1,0,0,1,0,1,0,0,1,0,1,0,1,0,1,1,0,1,30,0,0,0,0,1,"a","",39
"249","Nanjing",1,1,16,0,0,1,0,0,0,0,1,1,0,0,0,1,1,0,0,0,1,1,0,0,1,1,1,0,0,1,1,0,0,0,1,1,0,20,0,0,0,0,1,"a","",47
"251","Nanjing",1,1,15,0,1,0,1,0,0,1,0,1,0,0,1,0,1,0,0,1,0,1,0,0,1,0,1,0,0,1,1,0,0,1,0,1,0,15,0,0,0,0,1,"","a",43
"253","Nanjing",1,1,14,0,1,1,0,0,0,1,1,0,0,0,1,0,1,0,0,0,1,1,0,0,1,0,1,0,0,1,1,0,0,1,1,0,0,35,0,1,0,0,0,"b","",38
"254","Nanjing",1,0,14,0,1,1,1,0,0,0,0,1,0,0,1,0,1,0,0,0,0,1,1,0,0,1,0,1,0,1,0,1,0,0,0,1,1,20,0,0,0,0,1,"b","",42
"255","Nanjing",1,0,16,0,0,0,1,1,0,1,0,1,0,0,0,0,1,1,0,0,1,0,1,0,1,0,1,0,0,0,0,1,0,1,0,1,0,45,0,1,0,0,0,"a","",40
"258","Nanjing",1,1,15,0,1,0,0,0,0,1,0,0,0,0,1,0,0,0,0,1,1,0,0,0,0,0,1,0,0,1,0,0,0,1,0,0,0,20,0,0,1,0,0,"","a",34
"259","Nanjing",1,1,15,0,1,0,0,1,0,1,0,0,1,0,1,0,1,1,0,1,0,1,0,0,1,0,1,0,0,1,0,1,0,1,0,1,1,35,0,0,1,0,0,"","b",33
"262","Nanjing",1,1,15,0,0,1,1,0,0,0,0,1,0,0,0,1,1,0,0,0,1,1,0,0,0,0,1,0,0,0,1,0,0,0,0,1,0,30,0,0,1,0,0,"","a",44
"263","Nanjing",1,1,16,0,0,0,1,0,0,0,1,0,0,0,0,0,1,0,0,0,0,1,0,0,0,1,0,0,0,0,1,1,0,0,1,0,0,25,0,0,1,0,0,"","a",30
"267","Nanjing",0,1,14,0,1,0,1,0,0,1,0,1,0,0,1,1,1,0,0,1,1,1,0,0,0,1,1,0,0,0,1,0,0,1,0,1,0,40,1,0,0,0,0,"a","",40
"408","Changzhou",1,1,16,0,1,0,1,1,0,1,0,1,1,0,1,0,1,1,0,1,1,1,0,0,1,0,1,1,0,1,0,1,0,1,0,1,0,30,0,0,1,0,0,"","b",52
"409","Changzhou",1,0,8,0,0,1,0,0,0,1,0,0,0,1,0,0,0,0,0,1,0,0,0,0,0,1,0,0,1,0,0,0,1,0,0,0,0,35,0,0,0,0,1,"","b",44
"410","Changzhou",1,0,12,0,0,0,1,1,0,1,0,1,0,0,1,0,1,1,0,1,0,1,0,0,1,0,1,0,0,1,1,0,0,1,0,1,0,25,0,0,1,0,0,"","a",45
"412","Changzhou",0,1,9,1,0,0,0,0,1,0,0,0,0,1,0,0,0,0,0,0,1,1,0,0,0,0,1,1,0,1,1,0,0,1,0,1,1,40,0,0,0,1,0,"a","",56
"413","Changzhou",1,1,15,0,1,1,0,0,0,1,0,1,0,0,1,1,0,0,0,1,1,0,0,0,1,1,0,0,0,1,1,0,0,1,0,1,0,60,0,0,1,0,0,"b","",48
"414","Changzhou",1,1,16,0,1,0,1,0,0,1,0,1,0,0,1,1,0,0,0,1,1,0,0,0,1,1,0,0,0,1,1,0,0,1,1,0,0,25,0,1,0,0,0,"a","",45
"416","Changzhou",1,0,16,1,0,0,0,0,1,0,0,0,0,1,0,0,0,0,1,0,0,0,0,1,0,0,0,0,1,0,0,0,1,0,0,0,0,15,0,0,0,1,0,"","b",48
"418","Changzhou",1,0,16,1,0,0,0,0,1,0,0,0,0,1,0,0,0,0,0,0,0,1,0,0,0,0,1,0,0,0,1,0,0,1,0,1,1,35,0,0,0,1,0,"","b",35
"419","Changzhou",1,1,15,0,0,1,1,0,0,1,1,0,0,1,0,0,0,0,0,1,1,0,0,0,0,1,1,0,1,0,0,0,0,0,1,1,0,35,0,0,1,0,0,"b","",43
"420","Changzhou",1,1,11,1,0,0,0,0,1,0,0,0,0,1,0,0,0,0,0,0,0,1,0,0,0,0,1,0,0,0,1,0,0,1,0,1,1,65,0,0,0,0,1,"b","",44
"421","Changzhou",1,0,11,1,0,0,0,0,1,0,0,0,0,0,0,1,1,0,0,1,0,1,0,0,1,0,1,0,0,0,1,0,0,0,0,1,1,20,0,0,1,0,0,"a","",47
"422","Changzhou",1,1,11,0,1,0,1,0,0,1,0,1,0,0,1,0,1,0,0,1,0,1,0,0,1,0,1,0,0,1,1,0,0,1,0,1,0,40,0,1,0,0,0,"b","",44
"423","Changzhou",1,0,15,0,1,1,0,0,0,1,0,1,0,0,1,1,1,0,0,0,1,1,0,0,1,0,1,0,0,1,1,0,0,1,1,0,0,25,0,0,0,1,0,"","b",47
"424","Changzhou",1,1,14,0,1,0,1,0,0,1,0,1,0,0,1,0,1,0,0,1,0,1,0,0,1,0,1,0,0,1,1,0,0,1,0,1,0,25,1,0,0,0,0,"","b",47
"425","Changzhou",1,0,11,1,0,0,0,0,1,0,0,0,0,0,0,1,1,1,0,0,1,1,1,0,0,1,1,1,0,0,1,1,0,0,1,1,1,25,0,1,0,0,0,"","a",43
"427","Changzhou",1,1,16,0,1,1,0,0,0,1,0,1,0,0,1,0,1,0,0,1,1,0,0,0,1,1,0,0,0,1,1,0,0,0,1,1,0,130,0,0,0,1,0,"a","",65
"428","Changzhou",1,0,13,1,0,0,0,0,1,0,0,0,0,1,0,0,0,0,0,0,0,1,1,0,0,0,1,1,0,1,1,1,0,1,1,1,1,40,0,0,1,0,0,"b","",47
"429","Changzhou",1,0,16,0,1,1,0,0,0,1,1,0,0,0,1,1,1,0,0,1,1,0,0,0,1,1,0,0,0,1,1,0,0,1,0,1,0,25,0,0,0,1,0,"b","",57
"430","Changzhou",1,0,12,0,1,0,1,0,0,0,1,1,0,0,0,1,1,0,0,0,1,1,0,0,1,0,1,1,0,1,0,1,0,0,1,0,1,35,0,0,0,0,1,"b","",37
"431","Changzhou",0,0,15,1,0,0,0,0,1,0,0,0,0,1,0,0,0,0,1,0,0,0,0,0,0,0,1,0,0,0,1,0,1,0,0,0,0,30,0,0,0,0,1,"","b",48
"432","Changzhou",1,1,12,0,1,1,0,0,0,0,1,1,0,0,1,0,0,0,0,1,1,0,0,0,0,1,0,0,0,1,1,0,0,0,1,0,0,25,0,1,0,0,0,"","b",56
"434","Changzhou",1,1,11,0,1,1,0,0,0,1,1,0,0,0,1,1,0,0,0,1,1,0,0,0,1,1,0,0,0,1,0,0,0,1,1,0,0,140,0,0,0,1,0,"a","",38
"435","Changzhou",1,0,12,0,1,1,0,0,0,1,0,0,1,0,1,1,0,0,0,1,0,1,0,0,1,0,1,0,0,1,1,0,0,1,0,1,0,30,0,0,0,1,0,"b","",49
"436","Changzhou",1,1,16,0,0,0,1,0,0,0,0,1,0,0,0,0,1,0,0,0,0,1,0,0,0,0,1,0,0,0,1,0,0,0,0,1,0,25,0,0,0,1,0,"","a",36
"437","Changzhou",1,1,15,0,1,1,0,0,0,1,0,1,0,1,0,0,0,0,0,1,0,0,1,0,0,1,1,0,1,0,0,0,0,1,0,0,0,28,0,0,0,0,1,"","b",53
"438","Changzhou",1,1,13,0,1,0,1,0,0,1,0,1,0,0,1,0,1,0,0,1,0,1,0,0,1,0,1,0,0,1,0,1,0,1,0,1,0,20,0,0,1,0,0,"","a",37
"439","Changzhou",1,1,14,0,0,0,1,0,0,0,0,1,0,0,0,0,1,0,0,0,0,1,0,0,0,0,1,0,0,0,1,0,0,0,0,1,0,20,0,0,1,0,0,"a","",50
"440","Changzhou",1,0,16,0,1,0,1,0,0,1,0,1,0,0,1,1,1,0,0,1,1,1,0,0,1,0,1,0,0,1,1,0,0,1,0,1,0,180,1,0,0,0,0,"b","",44
"441","Changzhou",1,0,15,0,0,0,1,0,0,1,0,1,0,0,1,0,1,0,0,1,0,0,1,0,1,0,0,1,0,1,0,1,0,1,0,0,1,40,1,0,0,0,0,"a","",50
"442","Changzhou",1,0,11,0,0,0,1,1,0,0,1,1,1,0,1,1,1,0,0,1,1,0,0,0,1,1,1,0,0,1,1,0,0,1,1,0,0,20,0,0,0,0,1,"","b",42
"443","Changzhou",1,0,12,0,1,0,0,1,0,1,0,1,0,0,1,0,1,0,0,1,0,1,0,0,1,0,1,0,0,1,1,0,0,1,0,1,0,40,0,0,1,0,0,"a","",69
"444","Changzhou",1,0,12,0,0,0,1,1,0,0,0,1,1,0,0,0,1,1,0,0,0,1,1,0,0,0,1,1,0,0,1,1,0,0,0,1,1,40,1,0,0,0,0,"","b",44
"447","Changzhou",0,0,14,0,0,1,1,0,0,1,0,1,0,0,1,1,1,0,0,0,0,1,0,0,0,0,1,0,0,0,1,0,0,1,0,1,0,50,0,0,1,0,0,"b","",33
"450","Changzhou",1,1,11,0,0,1,0,0,0,0,0,1,0,0,0,0,1,0,0,0,1,0,0,0,1,1,0,0,0,0,1,0,0,1,0,1,0,25,1,0,0,0,0,"","a",60
"452","Changzhou",1,1,15,0,0,0,1,1,0,0,0,1,1,0,0,0,1,1,0,0,0,1,1,0,0,0,1,1,0,0,1,1,0,0,0,1,1,20,0,0,1,0,0,"","b",50
"454","Changzhou",1,0,8,0,0,0,1,1,0,0,1,1,0,0,1,1,0,0,0,1,1,0,0,0,1,1,0,0,0,1,1,0,0,1,1,0,0,35,0,0,0,0,1,"b","",36
"455","Changzhou",1,0,15,0,1,0,0,1,0,1,0,0,1,0,1,0,0,1,0,1,0,0,1,0,1,0,0,1,0,0,1,1,0,1,0,0,1,30,0,0,0,1,0,"a","",36
"458","Changzhou",1,1,8,1,0,0,0,0,1,0,0,0,0,1,0,0,0,0,0,1,0,0,1,0,0,0,1,0,0,1,1,1,0,1,1,1,1,25,1,0,0,0,0,"","a",36
"459","Changzhou",1,1,16,0,1,0,0,1,0,1,0,0,0,0,1,0,0,1,0,1,0,0,1,0,0,1,1,0,0,0,1,1,0,1,0,1,0,30,0,0,1,0,0,"","b",49
"463","Changzhou",1,1,12,0,1,0,0,0,0,1,0,1,0,1,0,0,0,0,0,1,0,0,0,0,1,0,1,0,0,1,0,0,1,0,0,0,0,30,0,0,0,1,0,"a","",49
"464","Changzhou",1,0,12,0,0,0,1,0,0,0,0,1,0,0,0,0,1,0,0,0,0,1,0,0,0,0,1,0,0,0,1,0,0,0,0,1,0,100,0,1,0,0,0,"b","",42
"465","Changzhou",1,1,15,0,1,1,0,0,0,0,1,1,0,0,1,1,0,0,0,1,0,0,0,0,0,1,0,1,0,1,1,0,0,0,1,1,0,180,0,1,0,0,0,"","a",41
"466","Changzhou",0,1,16,0,1,0,1,0,0,1,0,1,0,0,1,0,1,0,0,1,0,1,0,0,1,0,1,0,0,1,1,0,0,1,1,0,0,25,1,0,0,0,0,"","a",32
"468","Changzhou",1,0,15,0,1,0,0,1,0,1,0,0,1,0,1,0,0,1,0,1,0,0,1,0,1,0,0,1,0,1,1,0,0,1,0,1,0,35,0,1,0,0,0,"","a",44
"470","Changzhou",1,1,12,0,1,0,0,0,0,1,0,0,1,0,1,0,1,0,0,1,1,0,0,0,1,1,0,0,0,1,1,0,0,1,1,0,0,20,0,0,0,1,0,"b","",64
"474","Changzhou",1,1,12,0,0,1,1,0,1,0,0,0,0,1,0,0,0,0,0,0,1,1,1,0,1,0,1,1,0,1,0,1,0,1,1,0,0,40,1,0,0,0,0,"","b",57
"475","Changzhou",1,0,13,0,1,1,0,0,0,1,1,0,0,0,1,1,0,0,0,1,1,0,0,0,1,1,0,0,0,1,1,0,0,1,1,0,0,35,0,1,0,0,0,"b","",35
"476","Changzhou",1,0,12,1,0,0,0,0,1,0,0,0,0,1,0,0,0,0,0,0,1,1,0,0,0,1,1,0,1,0,0,0,0,1,1,1,1,35,0,0,0,1,0,"","b",52
"481","Changzhou",1,0,15,1,0,0,0,0,1,0,0,0,0,1,0,0,0,0,0,0,0,1,0,1,0,0,0,0,1,0,0,0,1,0,0,0,0,50,0,0,0,1,0,"","b",64
"483","Changzhou",1,0,11,0,0,1,1,0,0,0,0,1,0,0,1,0,1,1,0,0,0,1,1,0,1,0,1,1,0,1,1,1,0,0,1,1,0,20,1,0,0,0,0,"b","",45
"484","Changzhou",0,1,12,0,1,1,0,0,0,1,1,0,0,0,1,0,1,1,0,1,0,1,0,0,1,0,1,0,0,1,1,0,0,1,1,0,0,20,1,0,0,0,0,"b","",42
"485","Changzhou",1,1,11,0,1,1,1,0,0,1,0,1,1,0,1,0,1,1,0,1,1,1,0,0,1,0,1,1,0,1,1,1,0,1,0,1,1,25,1,0,0,0,0,"","b",43
"487","Changzhou",1,0,9,0,1,1,0,0,0,1,1,0,0,0,1,0,1,0,0,1,0,1,0,0,1,0,1,0,0,1,1,0,0,1,0,1,0,35,0,0,1,0,0,"","b",51
"488","Changzhou",1,0,18,0,0,1,0,0,0,0,0,1,1,0,1,0,1,0,0,1,1,0,0,0,1,1,0,0,0,1,1,0,0,1,0,1,0,25,0,0,0,1,0,"","b",40
"495","Changzhou",1,1,14,0,0,1,1,0,0,0,0,1,0,0,0,0,1,0,0,0,0,1,0,0,0,0,1,0,0,0,1,0,0,0,0,1,0,25,0,0,1,0,0,"b","",41
"496","Changzhou",1,1,18,0,1,0,1,0,0,1,0,0,1,0,1,0,1,1,0,1,0,1,1,0,0,1,1,1,0,1,1,0,0,1,0,0,1,30,0,0,0,1,0,"b","",46
"497","Changzhou",0,0,15,0,0,1,1,0,0,1,0,1,0,0,1,0,1,0,0,1,0,1,0,0,1,0,1,0,1,0,0,0,0,1,0,1,0,45,0,0,0,1,0,"a","",44
"498","Changzhou",1,0,12,0,1,0,0,1,0,1,0,1,0,0,1,1,0,0,0,1,1,0,0,0,1,1,0,0,0,1,1,0,0,1,1,0,0,25,0,0,1,0,0,"","b",50
"499","Changzhou",0,0,16,0,0,0,1,0,0,0,0,1,0,0,0,0,1,0,0,0,0,1,0,0,0,0,1,0,0,0,1,0,0,0,0,1,0,20,0,0,1,0,0,"","b",42
"500","Changzhou",1,0,9,0,0,1,1,0,0,0,0,1,0,0,0,0,1,0,0,0,0,1,0,0,0,0,1,0,0,0,1,0,0,1,1,1,0,20,0,0,1,0,0,"","b",56
"502","Changzhou",1,0,9,0,1,0,1,0,0,1,0,1,0,0,0,0,1,0,0,0,1,1,0,0,1,0,0,1,0,0,1,1,0,0,1,1,0,30,0,1,0,0,0,"b","",42
"505","Changzhou",1,0,15,1,0,0,0,0,1,0,0,0,0,1,0,0,0,0,1,0,0,0,0,1,0,0,0,0,1,0,0,0,1,0,0,0,0,45,0,0,0,1,0,"a","",47
"506","Changzhou",1,1,12,0,0,1,0,0,0,0,0,0,1,0,0,1,1,0,0,0,1,1,1,0,0,0,1,1,0,1,0,1,0,1,0,1,1,100,0,0,0,1,0,"","a",40
"507","Changzhou",1,0,12,0,1,0,1,0,0,1,0,1,0,0,1,0,1,0,0,1,0,1,0,0,1,0,1,0,0,1,0,1,0,1,0,1,0,20,0,1,0,0,0,"","b",54
"508","Changzhou",1,0,9,0,1,1,0,0,0,1,1,0,0,0,1,1,0,0,0,1,1,0,0,0,1,1,0,0,0,1,1,0,0,1,1,0,0,30,0,0,1,0,0,"","b",42
"509","Changzhou",1,0,12,0,1,1,0,0,0,1,0,1,0,0,1,0,1,0,0,1,0,0,1,0,1,0,0,1,0,1,1,0,0,1,0,1,0,20,0,0,1,0,0,"a","",49
"511","Changzhou",0,1,15,0,1,0,1,1,0,1,0,1,0,0,1,1,0,0,0,1,0,1,0,0,1,0,1,0,0,1,0,0,0,1,1,0,0,35,1,0,0,0,0,"b","",51
"512","Changzhou",1,1,12,0,1,1,0,0,0,1,1,0,0,0,1,1,0,0,0,1,1,0,0,0,1,1,0,0,0,1,1,0,0,1,1,0,0,35,1,0,0,0,0,"b","",35
"513","Changzhou",1,1,9,0,1,0,1,0,0,1,0,1,0,0,0,1,1,0,0,1,1,0,0,0,0,1,0,0,1,0,0,0,0,1,0,0,0,25,0,0,0,0,1,"","b",43
"514","Changzhou",1,0,12,0,0,1,1,0,1,0,0,0,0,1,0,0,0,0,1,0,0,0,0,0,1,1,0,0,0,1,1,0,0,0,1,1,0,45,1,0,0,0,0,"","b",45
"515","Changzhou",1,1,16,0,1,0,0,1,0,1,0,0,1,0,1,0,1,0,0,1,0,1,0,0,1,0,1,0,0,1,1,0,0,1,0,1,0,120,0,1,0,0,0,"","a",46
"516","Changzhou",1,1,15,0,0,1,1,0,0,0,0,1,1,0,0,1,1,0,0,1,1,0,0,0,0,0,1,1,1,0,0,0,0,1,1,0,0,50,0,0,1,0,0,"b","",55
"517","Changzhou",1,0,10,0,0,0,1,0,0,0,0,1,0,0,0,0,0,1,0,0,0,0,1,0,0,0,1,0,0,0,1,0,0,0,0,1,0,30,0,0,0,0,1,"a","",35
"518","Changzhou",1,1,16,1,0,0,0,0,1,0,0,0,0,1,0,0,0,0,0,0,0,1,0,0,0,0,1,0,1,0,0,0,1,0,0,0,0,45,0,0,0,1,0,"b","",33
"519","Changzhou",1,1,16,0,0,1,1,0,0,0,0,1,0,0,1,1,1,1,0,0,0,1,1,0,1,0,1,1,0,1,1,1,0,0,1,1,0,15,0,1,0,0,0,"","b",48
"520","Changzhou",1,1,16,0,0,0,1,0,1,0,0,0,0,0,1,1,0,0,0,0,1,0,0,0,1,0,0,0,0,1,0,1,0,1,0,0,0,30,0,1,0,0,0,"","b",46
"521","Changzhou",1,1,16,0,1,0,1,0,0,1,0,0,1,0,1,0,1,0,0,1,0,0,1,0,1,0,1,1,0,1,1,0,0,1,0,1,0,40,0,1,0,0,0,"","a",33
"523","Changzhou",1,1,14,0,0,0,1,0,0,1,0,1,0,0,1,0,1,0,0,1,0,1,0,0,1,0,1,1,0,1,0,0,0,1,0,1,1,20,0,1,0,0,0,"b","",57
"524","Changzhou",1,1,16,0,1,0,0,0,0,1,0,0,0,0,0,1,0,0,0,0,0,0,1,0,1,1,0,0,0,0,1,0,0,1,0,0,0,30,0,0,1,0,0,"b","",41
"525","Changzhou",1,1,14,0,1,0,1,0,0,1,0,1,0,1,0,0,0,0,1,0,0,0,0,1,0,0,0,0,1,0,0,0,1,0,0,0,0,40,0,1,0,0,0,"","b",45
"529","Changzhou",1,1,14,1,0,0,0,0,1,0,0,0,0,1,0,0,0,0,1,0,0,0,0,1,0,0,0,0,1,0,0,0,1,0,0,0,0,20,0,0,1,0,0,"b","",45
"530","Changzhou",1,1,9,0,0,1,0,0,0,1,0,0,0,0,0,0,1,0,1,0,0,0,0,0,1,0,1,0,0,1,0,1,0,1,0,1,1,30,0,1,0,0,0,"b","",59
"531","Changzhou",1,0,9,1,0,0,0,0,0,1,0,0,1,0,1,0,0,1,1,0,0,0,0,0,0,1,0,1,0,1,0,1,0,1,0,1,1,50,0,1,0,0,0,"","b",41
"544","Hangzhou",0,1,15,0,0,0,1,1,1,0,0,0,0,0,0,1,1,0,0,0,0,1,0,0,1,1,1,1,1,0,0,0,0,0,0,1,1,15,1,0,0,0,0,"a","",53
"546","Hangzhou",1,1,12,1,0,0,0,0,1,0,0,0,0,0,0,1,1,1,1,0,0,0,0,0,0,1,1,1,1,0,0,0,0,0,0,1,1,40,0,0,0,1,0,"","b",53
"547","Hangzhou",1,1,12,1,0,0,0,0,1,0,0,0,0,0,0,1,1,0,1,0,0,0,0,0,0,1,1,0,1,0,0,0,1,0,0,0,0,30,0,0,1,0,0,"","a",62
"548","Hangzhou",1,0,9,0,0,1,0,0,0,0,0,1,0,0,1,1,1,1,0,0,1,1,0,0,1,0,1,1,0,1,1,1,0,0,0,1,0,12,1,0,0,0,0,"","b",49
"549","Hangzhou",1,1,15,0,0,1,1,0,0,0,1,1,0,0,0,1,1,0,0,0,1,1,0,0,0,1,1,0,0,0,1,0,0,0,1,1,0,80,1,0,0,0,0,"","b",35
"550","Hangzhou",1,1,12,1,0,0,0,0,1,0,0,0,0,1,0,0,0,0,1,0,0,0,0,0,1,1,1,1,1,0,0,0,1,0,0,0,0,18,1,0,0,0,0,"","a",48
"551","Hangzhou",1,1,15,1,0,0,0,0,0,0,0,1,0,0,0,0,1,1,0,0,0,1,1,0,1,1,1,1,0,1,1,0,0,1,1,1,1,35,0,0,0,1,0,"a","",45
"552","Hangzhou",0,0,5,1,0,0,0,0,1,0,0,0,0,0,0,1,0,0,0,0,1,0,0,0,0,1,0,0,0,0,0,1,0,0,0,0,1,25,1,0,0,0,0,"b","",43
"556","Hangzhou",1,1,9,1,0,0,0,0,1,0,0,0,0,1,0,0,0,0,1,0,0,0,0,0,1,1,1,1,1,0,0,0,1,0,0,0,0,30,1,0,0,0,0,"","b",58
"559","Hangzhou",1,0,10,1,0,0,0,0,1,0,0,0,0,0,0,1,1,1,0,0,0,1,1,0,1,1,1,1,1,0,0,0,0,0,0,1,1,30,1,0,0,0,0,"","b",42
"560","Hangzhou",1,1,16,0,0,1,0,0,1,0,0,0,0,0,1,1,1,1,1,0,0,0,0,0,1,1,1,1,1,0,0,0,1,0,0,0,0,50,0,1,0,0,0,"b","",29
"562","Hangzhou",1,1,12,1,0,0,0,0,0,0,0,1,1,0,1,1,1,1,1,0,0,0,0,0,1,1,1,1,1,0,0,0,0,1,0,1,1,45,0,1,0,0,0,"a","",36
"564","Hangzhou",1,1,9,0,0,0,1,0,1,0,0,0,0,0,0,0,1,1,0,0,0,1,0,0,1,1,1,1,0,0,1,1,0,0,0,1,0,45,1,0,0,0,0,"","a",57
"566","Hangzhou",1,1,12,1,0,0,0,0,0,0,0,1,0,0,0,0,1,1,1,0,0,0,0,0,1,1,1,1,1,0,0,0,0,0,0,1,1,45,1,0,0,0,0,"","b",56
"568","Hangzhou",1,1,14,0,0,1,1,0,0,0,0,1,0,0,0,0,1,0,0,0,0,1,0,0,0,0,1,0,0,0,1,0,0,0,0,1,0,20,0,1,0,0,0,"b","",61
"569","Hangzhou",1,0,15,0,0,1,1,0,0,1,0,0,1,0,0,1,1,0,0,0,1,1,0,0,0,1,0,1,0,1,0,1,0,1,0,1,0,35,0,1,0,0,0,"b","",43
"571","Hangzhou",1,0,15,1,0,0,0,0,0,0,1,1,0,0,0,0,1,1,0,0,1,1,0,0,1,1,1,1,0,0,1,1,0,0,0,1,1,20,0,1,0,0,0,"b","",29
"572","Hangzhou",1,1,9,0,0,1,1,0,1,0,0,0,0,0,0,0,1,0,0,0,0,1,0,0,1,1,1,1,0,0,1,0,0,0,1,1,1,20,0,1,0,0,0,"","a",57
"575","Hangzhou",1,0,12,1,0,0,0,0,1,0,0,0,0,0,0,1,1,0,1,0,0,0,0,0,0,0,1,1,1,0,0,0,0,0,0,1,1,90,0,0,1,0,0,"","a",30
"576","Hangzhou",1,0,16,0,0,1,1,1,1,0,0,0,0,0,1,1,1,0,0,1,1,1,1,0,1,1,1,1,0,0,1,1,0,0,0,1,1,30,0,0,1,0,0,"","a",30
"577","Hangzhou",1,0,10,1,0,0,0,0,1,0,0,0,0,1,0,0,0,0,1,0,0,0,0,1,0,0,0,0,1,0,0,0,1,0,0,0,0,35,0,1,0,0,0,"b","",31
"578","Hangzhou",1,0,15,1,0,0,0,0,1,0,0,0,0,1,0,0,0,0,0,1,1,1,1,0,1,1,1,1,1,0,0,0,1,0,0,0,0,50,0,0,1,0,0,"a","",40
"580","Hangzhou",1,0,16,0,0,1,1,0,1,0,0,0,0,0,0,1,1,0,1,0,0,0,0,0,0,1,1,0,1,0,0,0,0,0,1,1,0,30,0,0,0,1,0,"a","",42
"581","Hangzhou",1,1,15,1,0,0,0,0,1,0,0,0,0,0,0,0,1,1,0,0,1,0,1,1,0,0,0,0,0,0,0,1,0,1,0,1,0,30,0,0,1,0,0,"b","",30
"583","Hangzhou",1,0,6,0,1,0,0,0,0,1,0,0,0,1,0,0,0,0,0,1,0,1,0,0,0,0,1,0,0,1,0,0,0,1,0,1,1,30,0,0,0,1,0,"","a",67
"585","Hangzhou",1,1,16,1,0,0,0,0,0,0,0,1,0,0,1,1,1,0,1,0,0,0,0,0,1,0,1,1,1,0,0,0,0,1,0,1,1,35,0,0,0,1,0,"","a",34
"586","Hangzhou",1,1,15,1,0,0,0,0,1,0,0,0,0,1,0,0,0,0,0,0,1,1,0,0,0,1,1,0,0,0,1,0,0,0,0,1,1,30,0,0,0,1,0,"a","",42
"587","Hangzhou",0,1,15,0,0,1,1,0,1,0,0,0,0,0,0,0,1,1,0,0,0,1,1,0,1,1,1,1,0,0,1,0,0,0,0,1,1,35,0,0,0,1,0,"b","",47
"591","Hangzhou",1,0,16,1,0,0,0,0,0,0,0,1,0,1,0,0,0,0,0,0,1,1,0,0,0,1,1,1,1,0,0,0,1,0,0,0,0,35,0,0,1,0,0,"","b",32
"592","Hangzhou",0,1,15,1,0,0,0,0,1,0,0,0,0,1,0,0,0,0,0,1,0,1,0,0,1,0,1,1,1,0,0,0,0,1,0,1,1,60,0,0,0,1,0,"","b",52
"593","Hangzhou",0,1,16,1,0,0,0,0,1,0,0,0,0,0,0,1,1,0,0,0,1,0,0,0,0,1,0,0,0,1,1,0,0,0,1,1,0,28,0,0,0,1,0,"b","",37
"595","Hangzhou",0,1,11,1,0,0,0,0,1,0,0,0,0,1,0,0,0,0,0,0,1,0,0,0,0,1,1,0,1,0,0,0,0,0,0,1,0,45,0,0,0,1,0,"b","",35
"596","Hangzhou",1,0,12,0,0,1,0,0,1,0,0,0,0,0,0,1,1,0,1,0,0,0,0,0,1,0,1,0,0,0,1,0,0,1,0,1,0,25,0,1,0,0,0,"b","",36
"598","Hangzhou",1,0,15,1,0,0,0,0,0,0,1,1,0,0,0,0,1,1,0,1,0,0,1,0,0,1,1,0,0,1,1,0,1,0,0,0,0,40,0,1,0,0,0,"","a",37
"600","Hangzhou",1,0,9,0,1,0,1,0,1,0,0,0,0,0,0,0,1,0,0,1,0,0,1,0,0,0,1,1,0,0,1,1,0,0,0,1,1,40,0,0,0,0,1,"","a",37
"601","Hangzhou",1,1,13,1,0,0,0,0,1,0,0,0,0,0,1,1,1,0,0,1,0,1,1,0,1,0,1,1,0,1,0,1,1,0,0,0,0,35,0,0,0,0,1,"","a",43
"602","Hangzhou",1,1,12,0,0,1,1,0,0,1,0,1,0,0,1,0,1,0,0,1,0,1,1,0,0,1,1,0,0,1,1,0,0,0,1,1,0,25,0,1,0,0,0,"b","",44
"603","Hangzhou",1,0,13,1,0,0,0,0,1,0,0,0,0,0,0,1,1,1,0,0,1,0,0,0,0,1,0,0,0,0,1,1,0,0,0,1,1,47,1,0,0,0,0,"b","",37
"607","Hangzhou",1,0,15,1,0,0,0,0,1,0,0,0,0,0,0,1,1,0,1,0,0,0,0,0,0,1,1,0,0,1,1,0,1,0,0,0,0,40,0,0,1,0,0,"a","",30
"608","Hangzhou",1,1,8,0,1,0,0,1,0,1,0,1,1,0,1,0,0,1,0,1,0,1,0,0,1,0,1,0,0,1,0,1,0,1,0,0,1,25,1,0,0,0,0,"","b",44
"610","Hangzhou",1,1,17,0,0,1,0,0,1,0,0,0,0,1,0,0,0,0,1,0,0,0,0,0,0,1,1,1,1,0,0,0,1,0,0,0,0,55,0,1,0,0,0,"","b",42
"612","Hangzhou",0,1,14,1,0,0,0,0,1,0,0,0,0,0,0,0,1,1,1,0,0,0,0,0,1,0,1,1,1,0,0,0,0,0,0,1,1,40,0,0,1,0,0,"b","",37
"613","Hangzhou",1,1,12,1,0,0,0,0,1,0,0,0,0,0,0,0,1,1,0,0,0,1,1,1,0,0,0,0,0,0,0,1,0,0,0,1,0,25,0,1,0,0,0,"a","",43
"615","Hangzhou",1,0,16,0,0,0,1,0,0,0,0,1,0,0,0,0,1,1,1,0,0,0,0,0,0,1,1,1,0,0,1,1,0,1,0,1,1,45,0,0,1,0,0,"b","",42
"618","Hangzhou",0,0,9,0,0,1,1,0,1,0,0,0,0,0,1,0,1,1,1,0,0,0,0,0,1,1,1,1,1,0,0,0,0,1,0,1,1,40,1,0,0,0,0,"","a",52
"619","Hangzhou",0,0,9,0,0,0,1,0,0,0,0,1,0,0,0,1,1,0,0,0,0,1,0,0,0,0,1,0,0,0,1,0,0,0,0,1,0,40,1,0,0,0,0,"","b",47
"620","Hangzhou",0,1,12,1,0,0,0,0,1,0,0,0,0,1,0,0,0,0,1,0,0,0,0,1,0,0,0,0,1,0,0,0,1,0,0,0,0,35,1,0,0,0,0,"b","",45
"622","Hangzhou",1,0,16,1,0,0,0,0,1,0,0,0,0,0,0,1,1,1,1,0,0,0,0,0,1,1,1,1,1,0,0,0,1,0,0,0,0,35,0,1,0,0,0,"b","",54
"623","Hangzhou",1,0,15,1,0,0,0,0,1,0,0,0,0,0,0,0,1,1,1,0,0,0,0,0,1,0,1,1,1,0,0,0,0,0,0,1,1,20,0,1,0,0,0,"b","",40
"624","Hangzhou",1,0,12,1,0,0,0,0,0,0,0,1,0,1,0,0,0,0,0,0,0,1,1,0,0,1,1,1,1,0,0,0,0,1,0,1,1,90,0,1,0,0,0,"","b",60
"625","Hangzhou",1,0,15,1,0,0,0,0,0,0,0,1,1,0,0,1,1,1,1,0,0,0,0,1,0,0,0,0,0,0,1,1,0,1,0,1,1,30,0,1,0,0,0,"","a",42
"630","Hangzhou",1,0,12,1,0,0,0,0,1,0,0,0,0,0,0,1,1,0,1,0,0,0,0,0,1,1,1,1,0,1,1,0,0,1,0,1,1,40,0,1,0,0,0,"","b",56
"632","Hangzhou",0,0,6,1,0,0,0,0,1,0,0,0,0,0,0,0,1,1,0,0,0,1,1,0,1,1,1,1,1,0,0,0,0,0,0,1,1,40,1,0,0,0,0,"a","",53
"633","Hangzhou",0,0,12,1,0,0,0,0,1,0,0,0,0,1,0,0,0,0,1,0,0,0,0,1,0,0,0,0,1,0,0,0,1,0,0,0,0,35,1,0,0,0,0,"b","",38
"634","Hangzhou",0,0,0,0,0,0,1,0,0,0,0,1,0,0,0,0,1,1,0,0,0,1,1,0,0,1,1,1,0,0,1,1,0,0,1,1,1,30,1,0,0,0,0,"","a",58
"635","Hangzhou",1,1,16,0,1,0,0,0,1,0,0,0,0,1,0,0,0,0,0,1,0,1,0,0,1,0,1,0,0,1,1,1,0,1,0,1,1,35,1,0,0,0,0,"b","",31
"636","Hangzhou",1,1,14,1,0,0,0,0,1,0,0,0,0,0,0,1,1,0,1,0,0,0,0,0,0,0,1,1,1,0,0,0,0,0,0,1,1,30,1,0,0,0,0,"","a",34
"638","Hangzhou",1,1,11,1,0,0,0,0,1,0,0,0,0,1,0,0,0,0,1,0,0,0,0,1,0,0,0,0,1,0,0,0,0,0,0,1,0,35,0,0,0,0,1,"a","",34
"639","Hangzhou",1,1,15,1,0,0,0,0,1,0,0,0,0,1,0,0,0,0,0,0,0,1,0,0,0,1,1,0,1,0,0,0,1,0,0,0,0,30,0,0,0,1,0,"b","",36
"640","Hangzhou",1,1,15,1,0,0,0,0,1,0,0,0,0,0,1,1,1,0,1,0,0,0,0,0,1,0,1,1,1,0,0,0,1,0,0,0,0,35,0,1,0,0,0,"","b",44
"641","Hangzhou",1,1,12,1,0,0,0,0,1,0,0,0,0,1,0,0,0,0,0,1,1,1,1,0,1,1,1,1,1,0,0,0,1,0,0,0,0,45,0,0,0,1,0,"","b",44
"642","Hangzhou",1,0,12,0,0,1,1,0,1,0,0,0,0,0,0,0,1,1,0,0,0,1,0,1,0,0,0,0,0,0,0,1,1,0,0,0,0,20,0,1,0,0,0,"","b",44
"643","Hangzhou",1,1,10,0,0,1,1,0,0,1,1,1,0,0,0,1,1,0,0,0,1,1,0,0,1,1,1,0,0,1,1,0,0,0,1,1,0,45,0,1,0,0,0,"b","",55
"644","Hangzhou",1,0,16,1,0,0,0,0,1,0,0,0,0,0,0,1,1,0,1,0,0,0,0,1,0,0,0,0,1,0,0,0,1,0,0,0,0,40,0,1,0,0,0,"b","",41
"645","Hangzhou",1,0,12,0,0,1,0,1,0,0,1,1,0,0,0,1,0,1,0,0,1,0,1,0,1,1,0,0,0,0,1,1,0,0,1,0,1,60,0,0,1,0,0,"b","",52
"646","Hangzhou",0,1,15,0,1,0,1,0,0,1,0,1,0,0,1,0,1,0,0,1,0,1,0,0,1,0,1,1,0,1,0,1,0,1,0,1,0,60,0,0,1,0,0,"","b",39
"647","Hangzhou",1,0,12,0,0,1,1,0,0,1,1,1,0,0,0,1,1,0,0,0,1,1,0,0,0,1,1,0,0,0,1,0,0,1,0,1,0,18,0,1,0,0,0,"","a",43
"648","Hangzhou",1,1,11,1,0,0,0,0,1,0,0,0,0,1,0,0,0,0,0,1,0,0,1,0,1,0,1,1,0,1,0,0,0,1,0,1,1,25,0,0,0,1,0,"","b",44
"649","Hangzhou",1,0,9,1,0,0,0,0,1,0,0,0,0,0,0,1,0,0,0,0,1,1,0,0,0,1,1,0,0,0,1,0,1,0,0,0,0,45,0,0,0,1,0,"b","",51
"650","Hangzhou",1,1,15,1,0,0,0,0,1,0,0,0,0,0,0,1,1,0,0,0,1,0,0,0,0,1,0,0,0,0,1,0,0,0,1,0,0,30,0,0,0,1,0,"a","",51
"651","Hangzhou",1,1,14,1,0,0,0,0,1,0,0,0,0,1,0,0,0,0,1,0,0,0,0,1,0,0,0,0,1,0,0,0,1,0,0,0,0,40,1,0,0,0,0,"b","",37
"652","Hangzhou",1,1,16,0,0,1,0,1,0,1,0,1,0,0,0,1,0,1,0,0,1,0,1,0,1,1,0,0,0,0,1,1,0,0,1,0,1,40,1,0,0,0,0,"","a",39
"653","Hangzhou",1,0,9,0,1,1,0,0,0,1,1,0,0,0,1,1,0,0,0,1,1,0,0,0,1,0,1,0,0,1,1,0,0,1,1,0,0,16,1,0,0,0,0,"","b",40
"654","Hangzhou",1,1,14,1,0,0,0,0,1,0,0,0,0,1,0,0,0,0,1,0,0,0,0,1,0,0,0,0,1,0,0,0,1,0,0,0,0,40,1,0,0,0,0,"","b",47
"655","Hangzhou",1,1,15,1,0,0,0,0,1,0,0,0,0,1,0,0,0,0,1,0,0,0,0,1,0,0,0,0,1,0,0,0,1,0,0,0,0,40,1,0,0,0,0,"","a",52
"656","Hangzhou",1,0,11,1,0,0,0,0,1,0,0,0,0,1,0,0,0,0,0,1,0,0,0,0,1,0,1,0,0,1,0,1,0,1,0,1,1,20,1,0,0,0,0,"b","",37
"658","Hangzhou",1,1,15,0,0,0,1,0,0,0,0,1,1,0,1,0,1,1,0,0,0,1,0,0,0,0,1,0,0,0,0,1,0,0,0,1,1,25,0,0,1,0,0,"","b",38
"659","Hangzhou",1,1,12,0,1,1,1,1,0,0,1,1,0,0,0,1,1,0,0,0,0,0,1,0,0,0,1,0,0,0,0,1,0,0,0,1,0,30,0,0,1,0,0,"","b",51
"660","Hangzhou",1,1,15,0,0,1,0,0,0,0,0,1,0,0,1,0,1,1,0,0,0,1,0,0,0,0,1,0,0,1,1,0,0,0,0,1,1,30,0,1,0,0,0,"","a",41
"661","Hangzhou",1,1,9,0,0,0,1,0,1,0,0,0,0,0,1,0,1,1,0,0,0,1,0,0,0,0,1,1,0,0,0,1,0,0,0,1,0,20,1,0,0,0,0,"b","",57
"662","Hangzhou",1,1,23,1,0,0,0,0,1,0,0,0,0,0,0,0,1,0,0,0,0,0,1,0,0,0,1,0,0,0,0,1,1,0,0,0,0,55,0,1,0,0,0,"b","",38
"663","Hangzhou",1,0,12,0,1,1,0,0,0,1,1,0,0,0,0,1,0,0,0,1,0,1,1,0,1,0,1,1,0,0,1,1,0,0,0,1,1,25,1,0,0,0,0,"a","",48
"677","Wenzhou",1,1,15,0,0,0,1,0,0,0,0,1,0,0,0,0,1,0,0,0,0,1,0,0,1,0,1,0,0,1,1,0,0,1,0,1,0,30,0,0,1,0,0,"","a",43
"678","Wenzhou",1,0,7,0,0,1,1,0,0,0,1,1,0,0,0,1,1,0,0,0,1,1,0,0,0,1,1,0,0,0,1,0,0,0,1,1,0,80,0,0,0,0,1,"","a",44
"679","Wenzhou",1,1,15,0,1,1,0,1,0,0,1,1,0,0,1,1,0,0,0,1,0,1,1,0,0,1,1,0,0,1,0,1,0,1,1,1,0,27,0,0,1,0,0,"a","",35
"681","Wenzhou",1,1,11,0,1,1,1,0,0,1,1,1,0,0,1,1,1,0,0,1,1,1,0,0,1,1,1,0,0,1,1,0,0,1,1,1,0,24,1,0,0,0,0,"b","",43
"682","Wenzhou",1,1,11,0,0,1,1,0,0,1,1,1,0,0,0,0,1,0,0,0,1,1,0,0,0,1,1,0,0,0,1,0,0,0,1,1,0,100,0,0,1,0,0,"","b",51
"683","Wenzhou",1,1,14,0,1,1,1,0,0,1,1,1,0,0,1,1,1,0,0,1,1,1,0,0,1,1,1,0,0,1,1,0,0,1,1,1,1,24,0,0,1,0,0,"","a",33
"684","Wenzhou",1,0,16,0,0,0,1,0,1,0,0,0,0,0,0,1,1,0,0,0,0,1,0,0,0,1,0,0,1,0,0,0,0,0,0,1,0,55,0,1,0,0,0,"","b",48
"685","Wenzhou",1,1,12,0,1,0,0,0,0,1,0,0,0,0,0,0,1,0,0,0,1,0,0,0,0,1,0,0,0,1,0,0,0,0,1,0,0,25,0,0,1,0,0,"a","",54
"688","Wenzhou",0,0,9,1,0,0,0,0,1,0,0,0,0,1,0,0,0,0,1,0,0,0,0,1,0,0,0,0,1,0,0,0,1,0,0,0,0,40,1,0,0,0,0,"b","",45
"689","Wenzhou",1,0,12,0,1,1,0,0,0,0,1,1,0,0,1,0,1,0,0,0,1,1,1,0,1,1,0,1,0,0,1,1,0,0,1,1,0,55,0,0,0,0,1,"","b",49
"690","Wenzhou",1,0,10,0,0,1,1,0,0,0,0,1,0,0,1,1,1,0,0,0,1,1,0,0,1,0,1,0,0,0,1,0,0,0,1,1,0,50,1,0,0,0,0,"","b",62
"691","Wenzhou",1,0,8,0,0,1,1,0,0,0,0,1,0,0,0,0,1,0,0,0,0,1,0,0,0,0,1,0,0,0,1,0,0,0,0,1,0,50,1,0,0,0,0,"b","",45
"692","Wenzhou",1,1,16,0,1,1,1,0,0,1,1,0,0,0,1,1,0,0,0,1,1,1,0,0,1,1,0,0,0,1,1,0,0,1,1,0,0,180,0,0,0,1,0,"a","",58
"695","Wenzhou",0,0,10,0,1,0,0,1,0,1,0,1,0,1,0,0,0,0,0,1,0,0,1,0,1,0,0,1,0,1,0,1,0,1,0,1,1,30,0,0,1,0,0,"","a",51
"698","Wenzhou",0,0,14,0,0,1,0,1,0,1,1,0,0,0,1,1,0,1,0,0,1,0,1,0,0,1,1,0,0,1,1,0,0,1,1,0,1,250,1,0,0,0,0,"","a",34
"702","Wenzhou",0,0,11,1,0,0,0,0,1,0,0,0,0,1,0,0,0,0,0,1,1,0,0,0,1,0,1,0,0,1,1,1,0,1,0,1,1,35,0,0,0,0,1,"b","",46
"703","Wenzhou",1,0,9,0,1,1,1,0,0,1,1,1,0,0,1,1,1,0,0,1,1,1,0,0,1,1,1,0,0,1,1,0,0,1,1,1,0,20,0,1,0,0,0,"a","",57
"704","Wenzhou",1,1,7,0,1,1,1,1,0,1,1,1,1,0,1,1,1,1,0,1,1,1,0,0,1,1,1,0,0,1,1,0,0,1,1,1,0,35,0,1,0,0,0,"a","",46
"706","Wenzhou",1,0,11,1,0,0,0,0,1,0,0,0,0,1,0,0,0,0,0,0,0,1,0,0,0,0,1,0,0,1,1,0,1,0,0,0,0,25,0,0,0,0,1,"","a",51
"708","Wenzhou",1,0,12,0,1,0,1,1,0,1,0,1,1,0,1,0,1,0,0,1,0,1,0,0,1,0,1,0,0,1,1,1,0,1,0,1,1,25,0,0,0,0,1,"","a",66
"711","Wenzhou",1,0,9,0,0,1,1,0,0,1,0,1,1,0,0,1,1,0,0,0,1,1,1,0,1,0,1,0,0,1,1,0,0,0,1,1,0,60,0,1,0,0,0,"b","",49
"712","Wenzhou",1,0,9,0,1,1,0,0,0,1,1,1,0,0,0,1,1,1,0,1,0,1,0,0,1,0,1,0,0,1,1,1,0,1,1,1,0,30,0,0,0,0,1,"a","",50
"713","Wenzhou",1,0,13,0,1,1,1,0,0,1,1,1,1,0,1,1,1,0,0,1,1,1,0,0,1,1,1,0,0,1,1,0,0,1,1,1,0,30,1,0,0,0,0,"b","",43
"715","Wenzhou",1,0,18,0,1,1,0,0,0,1,1,0,0,0,0,0,1,1,0,0,0,0,1,0,0,0,0,1,0,0,0,1,0,0,0,1,0,25,0,1,0,0,0,"","a",42
"718","Wenzhou",1,0,8,0,1,0,1,0,0,0,1,1,0,0,0,1,1,0,0,0,1,1,0,0,1,0,1,1,0,1,1,0,0,1,0,1,1,30,0,0,1,0,0,"a","",46
"720","Wenzhou",1,0,9,1,0,0,0,0,1,0,0,0,0,1,0,0,0,0,1,0,0,0,0,1,0,0,0,0,1,0,0,0,1,0,0,0,0,30,0,0,1,0,0,"b","",47
"721","Wenzhou",1,1,9,1,0,0,0,0,1,0,0,0,0,1,0,0,0,0,0,1,0,1,0,0,0,0,1,0,0,0,1,0,0,1,0,1,1,20,0,1,0,0,0,"b","",55
"722","Wenzhou",1,0,11,0,0,1,1,0,0,0,0,1,0,0,0,0,1,0,0,0,0,1,0,0,0,0,1,0,0,0,1,0,0,0,0,1,0,30,0,0,1,0,0,"","a",58
"723","Wenzhou",1,0,11,1,0,0,0,0,1,0,0,0,0,1,0,0,0,0,0,1,0,1,0,0,1,0,1,1,0,0,1,0,0,1,0,1,0,30,0,0,0,0,1,"","b",34
"724","Wenzhou",0,1,11,0,1,0,1,0,0,1,1,0,1,0,0,1,0,0,0,0,1,1,0,0,1,1,1,0,0,1,1,0,0,1,0,0,1,20,0,0,1,0,0,"","b",42
"725","Wenzhou",1,0,15,1,0,0,0,0,1,0,0,0,0,1,0,0,0,0,1,0,0,0,0,1,0,0,0,0,1,0,0,0,1,0,0,0,0,35,0,1,0,0,0,"a","",39
"726","Wenzhou",1,0,14,1,0,0,0,0,1,0,0,0,0,1,0,0,0,0,1,0,0,0,0,1,0,0,0,0,1,0,0,0,1,0,0,0,0,70,0,0,1,0,0,"b","",34
"731","Wenzhou",1,0,14,1,0,0,0,0,1,0,0,0,0,1,0,0,0,0,1,0,0,0,0,1,0,0,0,0,1,0,0,0,1,0,0,0,0,40,0,0,0,0,1,"","b",42
"732","Wenzhou",0,1,11,0,1,0,0,0,0,1,0,0,0,1,0,0,0,0,0,1,0,1,0,0,1,0,1,0,0,1,0,0,0,1,0,1,1,48,0,0,0,0,1,"","b",48
"733","Wenzhou",0,1,11,1,0,0,0,0,1,0,0,0,0,1,0,0,0,0,1,0,0,0,0,1,0,0,0,0,1,0,0,0,1,0,0,0,0,50,0,0,1,0,0,"","b",48
"735","Wenzhou",1,1,16,0,0,0,1,0,0,0,0,1,0,0,0,0,0,1,0,0,0,1,0,0,0,0,1,0,0,0,1,0,0,1,0,1,0,30,1,0,0,0,0,"b","",66
"737","Wenzhou",1,0,9,1,0,0,0,0,1,0,0,0,0,1,0,0,0,0,1,0,0,0,0,1,0,0,0,0,1,0,0,0,1,0,0,0,0,30,1,0,0,0,0,"b","",48
"742","Wenzhou",1,1,6,0,0,0,0,1,1,0,0,0,0,0,1,1,1,1,0,0,1,1,1,0,0,1,1,1,0,1,1,1,0,1,1,1,0,30,0,0,0,0,1,"a","",52
"743","Wenzhou",1,0,8,0,0,1,1,0,0,1,1,1,0,0,1,0,1,1,0,1,0,1,1,0,1,0,1,1,0,1,1,1,0,1,0,1,1,20,0,0,1,0,0,"b","",40
"745","Wenzhou",1,1,6,1,0,0,0,0,1,0,0,0,0,0,1,0,1,0,0,1,0,1,0,0,1,0,1,0,0,1,1,1,1,0,0,0,0,25,0,1,0,0,0,"","a",40
"746","Wenzhou",1,0,11,0,1,1,1,0,0,1,1,1,0,0,0,1,1,0,0,0,1,1,0,0,0,1,1,0,0,1,1,0,0,0,0,1,0,30,0,1,0,0,0,"a","",36
"747","Wenzhou",1,0,10,0,0,1,1,0,0,0,0,1,0,0,0,1,0,0,0,0,0,1,0,0,0,0,1,0,0,0,1,0,0,0,0,1,0,35,0,0,1,0,0,"a","",40
"754","Wenzhou",1,0,11,0,1,1,1,1,0,1,1,1,1,0,1,1,1,1,1,1,1,1,0,1,1,1,1,0,0,1,1,1,0,1,1,1,0,30,1,0,0,0,0,"","a",44
"755","Wenzhou",1,0,15,0,1,1,0,0,0,1,1,1,0,0,1,0,0,0,0,1,0,0,0,0,1,0,0,0,0,0,1,0,0,0,1,1,0,25,0,1,0,0,0,"","b",39
"757","Wenzhou",1,0,11,0,1,1,0,0,0,1,1,0,0,0,1,1,0,0,0,1,1,0,0,0,1,1,0,0,0,1,1,0,0,1,1,0,0,80,1,0,0,0,0,"","b",43
"758","Wenzhou",1,1,11,1,0,0,0,0,1,0,0,0,0,0,0,1,0,1,0,0,0,1,1,0,1,0,1,1,0,0,1,1,0,1,1,1,0,35,0,1,0,0,0,"b","",64
"760","Wenzhou",1,0,11,0,0,1,0,1,0,0,1,1,0,0,0,1,1,0,0,0,1,1,0,0,1,0,1,0,0,1,1,0,0,0,1,1,0,60,1,0,0,0,0,"a","",42
"761","Wenzhou",1,0,9,0,1,0,1,0,0,0,1,1,0,0,1,0,1,0,0,0,1,1,0,0,1,0,1,1,0,1,1,0,0,1,0,1,0,35,0,0,0,0,1,"a","",53
"764","Wenzhou",1,0,9,0,0,1,0,0,0,0,0,1,0,0,0,1,0,0,0,0,1,0,0,0,0,1,0,0,0,0,1,0,0,0,0,1,0,20,0,0,0,0,1,"","a",47
"765","Wenzhou",1,0,12,1,0,0,0,0,1,0,0,0,0,0,0,1,1,0,0,1,1,0,0,0,1,1,0,0,0,1,1,0,1,0,0,0,0,100,0,0,0,0,1,"","a",42
"766","Wenzhou",1,0,12,1,0,0,0,0,1,0,0,0,0,0,1,1,1,1,0,1,1,1,1,0,1,1,1,1,0,1,1,0,0,0,1,1,0,20,0,0,0,0,1,"","a",45
"768","Wenzhou",1,0,9,0,0,1,1,0,0,1,1,1,0,0,0,1,1,0,0,0,1,1,0,0,1,1,1,0,0,1,1,0,0,0,1,1,0,28,0,0,0,0,1,"a","",42
"771","Wenzhou",1,0,12,0,1,1,0,0,0,1,1,1,0,0,0,1,1,0,0,0,1,1,0,0,1,1,1,0,0,1,1,0,0,0,1,1,0,20,0,0,0,0,1,"b","",38
"775","Wenzhou",1,0,11,0,0,1,1,0,0,0,0,1,0,0,0,1,1,0,0,0,0,1,0,0,0,0,1,0,0,0,1,1,0,0,0,1,0,20,1,0,0,0,0,"","a",52
"776","Wenzhou",1,1,11,1,0,0,0,0,0,0,0,1,0,0,1,1,0,0,0,1,0,1,1,0,1,0,1,1,0,0,1,0,1,0,0,0,0,20,0,1,0,0,0,"","b",40
"778","Wenzhou",1,0,12,0,0,1,1,0,0,1,1,1,0,0,0,1,1,0,0,0,1,1,0,0,1,1,1,0,0,1,1,0,0,0,1,1,0,20,0,0,0,0,1,"","b",47
"779","Wenzhou",1,1,14,1,0,0,0,0,1,0,0,0,0,0,1,0,0,0,0,0,0,1,0,0,0,0,1,0,0,1,0,0,0,0,1,0,0,28,0,0,0,0,1,"a","",49
"780","Wenzhou",1,0,12,0,0,1,0,0,0,0,0,1,0,0,0,0,1,1,0,0,0,1,1,0,1,1,1,0,0,0,1,0,0,0,0,1,0,45,0,1,0,0,0,"b","",43
"782","Wenzhou",1,0,12,0,0,0,1,0,0,0,0,1,1,1,0,0,0,0,1,0,0,0,0,1,0,0,0,0,1,0,0,0,0,1,0,0,0,20,1,0,0,0,0,"","a",45
"784","Wenzhou",1,0,9,0,1,1,1,0,0,1,0,1,0,0,1,0,1,1,0,1,0,1,0,0,1,1,1,0,0,1,1,0,0,1,0,1,0,30,0,1,0,0,0,"","a",47
"785","Wenzhou",1,1,11,0,1,0,0,0,0,1,0,0,0,1,0,0,0,0,0,1,0,0,0,0,1,0,0,0,1,0,0,0,0,1,0,1,1,90,0,0,1,0,0,"b","",42
"786","Wenzhou",0,1,16,0,1,0,0,0,0,1,0,0,0,1,0,0,0,0,0,1,0,1,0,0,1,0,1,0,0,1,0,0,0,1,0,1,1,60,0,1,0,0,0,"b","",37
"787","Wenzhou",1,0,15,0,1,1,0,0,0,0,1,0,1,0,1,1,0,0,0,0,1,1,0,0,1,0,1,0,0,1,0,1,0,0,1,1,0,45,0,1,0,0,0,"b","",38
"788","Wenzhou",1,1,14,1,0,0,0,0,1,0,0,0,0,1,0,0,0,0,1,0,0,0,0,1,0,0,0,0,1,0,0,0,1,0,0,0,0,50,0,1,0,0,0,"","b",57
"789","Wenzhou",1,1,15,1,0,0,0,0,1,0,0,0,0,0,0,1,1,0,1,0,0,0,0,1,0,0,0,0,1,0,0,0,0,0,1,1,0,45,1,0,0,0,0,"","b",46
"791","Wenzhou",1,0,15,0,1,0,1,0,0,0,0,1,0,0,1,0,0,1,0,0,0,1,1,0,1,0,1,0,0,1,1,1,0,1,0,1,0,50,0,1,0,0,0,"a","",44
"792","Wenzhou",1,0,15,0,0,1,1,0,0,0,0,1,0,0,0,0,1,0,0,0,0,1,0,0,0,0,1,0,0,0,1,0,0,0,0,1,0,60,0,1,0,0,0,"b","",46
"793","Wenzhou",1,1,16,1,0,0,0,0,1,0,0,0,0,0,0,1,1,0,0,0,1,1,0,0,0,1,1,0,0,0,1,0,0,0,0,1,0,50,0,1,0,0,0,"a","",43
"794","Wenzhou",1,0,14,0,1,0,1,0,0,1,1,1,0,0,1,0,0,1,0,1,0,1,0,0,1,0,1,1,0,1,1,1,0,1,0,1,0,45,0,0,0,0,1,"","b",45
"795","Wenzhou",1,0,11,0,0,1,1,0,0,1,0,1,0,0,1,0,1,0,0,0,1,1,0,0,1,0,0,1,0,1,1,0,0,1,0,1,0,25,0,1,0,0,0,"","b",56
"796","Wenzhou",1,0,14,1,0,0,0,0,1,0,0,0,0,1,0,0,0,0,1,0,0,0,0,1,0,0,0,0,1,0,0,0,1,0,0,0,0,50,0,1,0,0,0,"","b",52
"797","Wenzhou",1,0,14,1,0,0,0,0,1,0,0,0,0,1,0,0,0,0,0,1,0,1,0,0,1,0,0,1,0,1,1,0,0,1,0,1,1,40,0,1,0,0,0,"b","",35
"799","Wenzhou",1,1,14,0,0,1,1,0,0,0,0,1,0,0,0,0,1,0,0,0,0,1,0,0,0,0,1,0,0,0,1,0,0,0,0,1,0,95,0,0,0,1,0,"a","",42
"800","Wenzhou",1,0,15,0,1,0,1,0,0,0,1,1,0,0,1,1,0,0,0,1,1,0,0,0,1,1,0,0,0,0,1,1,0,0,1,0,1,20,0,1,0,0,0,"","a",42
"802","Wenzhou",1,1,11,1,0,0,0,0,1,0,0,0,0,1,0,0,0,0,0,1,0,0,0,0,1,0,0,0,1,0,0,0,0,1,0,1,1,35,1,0,0,0,0,"","b",39
"803","Wenzhou",1,0,9,0,0,1,1,0,0,1,0,1,0,0,0,1,1,0,0,1,0,1,0,0,1,0,0,1,0,0,1,1,0,0,1,1,0,30,1,0,0,0,0,"b","",51
"804","Wenzhou",1,0,14,1,0,0,0,0,1,0,0,0,0,1,0,0,0,0,0,1,1,1,0,0,1,0,1,1,0,1,1,1,0,1,0,1,0,90,0,1,0,0,0,"b","",42
"805","Wenzhou",1,1,12,0,0,1,0,0,0,0,0,1,0,0,1,1,1,1,0,1,1,1,1,0,1,1,1,1,0,0,1,0,0,1,1,1,1,50,0,1,0,0,0,"b","",49
"807","Wenzhou",1,0,12,0,0,1,1,0,0,1,1,1,0,0,0,1,1,0,0,0,1,1,0,0,1,1,1,0,0,1,1,0,0,0,1,1,0,30,1,0,0,0,0,"","a",44
"808","Wenzhou",1,0,12,0,0,1,1,0,0,1,1,1,0,0,0,1,1,0,0,0,1,1,0,0,1,1,1,0,0,1,1,0,0,0,1,1,0,30,1,0,0,0,0,"","b",50
"809","Wenzhou",0,1,15,0,0,1,0,0,0,0,0,1,0,0,0,0,0,1,0,0,0,0,1,0,0,0,0,1,0,0,1,0,0,0,0,1,0,45,1,0,0,0,0,"b","",34
"810","Wenzhou",1,0,11,1,0,0,0,0,1,0,0,0,0,0,1,0,0,0,0,1,0,1,0,0,1,0,1,0,1,0,0,0,0,1,0,1,1,40,1,0,0,0,0,"a","",47
